spot_id,region_id,pixel_x,pixel_y
AAAGGGATGTAGCAAG-1,1,477.87688895715746,307.581439422132
AAAGGGCAGCTTGAAT-1,1,61.33424879715744,307.36880918213194
AAATGCTCGTTACGTT-1,1,38.370182877157504,146.195087262132
AAATGGTCAATGTGCC-1,1,350.2987449571574,488.74240390213197
AACAACTGGTAGTTGC-1,1,246.32255759715747,387.955670142132
AACAGGATGGGCCGCG-1,1,118.95704383715747,407.94291270213193
AACCATGGGATCGCTA-1,1,107.68764111715745,106.007971902132
AACCCAGAGACGGAGA-1,1,211.87645871715745,126.20784470213198
AACGATAGAAGGGCCG-1,1,373.9007015971574,126.42047494213193
AACGTCAGACTAGTGG-1,1,223.14586143715746,307.36880918213194
AAGGAGCGGTTGGTGC-1,1,315.6400158371574,387.955670142132
AAGGCGCGTAAAGCTT-1,1,200.1817955171574,307.36880918213194
AAGGCTGTGCTCATCG-1,1,292.6759499171575,428.142785502132
AAGTAGAAGACCGGGT-1,1,304.3706131171574,206.79470566213195
AATCCAAGGGCCTGAG-1,1,304.3706131171574,86.02072934213197
AATGACTGTCAGCCGG-1,1,304.15798287715745,287.381566622132
AATGCAACCGGGTACC-1,1,443.0055295971574,327.781312222132
AATGGTTCTCACAAGC-1,1,165.52306639715744,206.79470566213195
ACAACGGTCCCTGCGA-1,1,107.68764111715745,266.969063582132
ACAAGGACAAGAGGTT-1,1,188.4871323171575,407.94291270213193
ACACAAAGACGGGTGG-1,1,408.34680047715744,307.581439422132
ACACCCAGCATGCAGC-1,1,339.0293422371575,307.581439422132
ACACCCGAGAAATCCG-1,1,211.6638284771575,206.79470566213195
ACACCTTAAGTAGGGC-1,1,258.0172207971575,327.5686819821319
ACCAAGAACGCGTGTC-1,1,327.5473092771574,166.60759030213194
ACCACAAGTTTCTATC-1,1,385.17010431715744,428.355415742132
ACGATCATACATAGAG-1,1,489.35892191715743,327.781312222132
ACGGAATTTAGCAAAT-1,1,73.02891199715748,125.99521446213203
ACTACCAGCTCTCTGG-1,1,234.8405246371575,327.5686819821319
ACTGTAGCACTTTGGA-1,1,211.6638284771575,367.7557973421319
ACTGTCCAGGATTATA-1,1,396.6521372771574,488.74240390213197
ACTGTGCTAGTAGATC-1,1,119.38230431715749,85.80809910213202
ACTTAGTACGACAAGA-1,1,130.86433727715746,106.007971902132
ACTTGGGACCCGGTGG-1,1,327.33467903715746,408.155542942132
ACTTTCCTATAGCTTC-1,1,477.6642587171574,388.168300382132
AGAATTGTTTGACATA-1,1,26.675519677157467,166.394960062132
AGACCATGGGATACAA-1,1,84.51094495715745,266.969063582132
AGACCCGCCCTCCTCG-1,1,408.34680047715744,347.768554782132
AGACTAGCCTTCCAGA-1,1,292.6759499171575,387.955670142132
AGAGCGTACAAGCTCG-1,1,84.51094495715745,307.36880918213194
AGATAACTTCAGGGCC-1,1,269.4992537571575,468.542531102132
AGATACGACTTCATAT-1,1,165.52306639715744,126.20784470213198
AGATGACTCGCCCACG-1,1,396.8647675171575,247.19445126213202
AGCACCAGTACTCACG-1,1,512.5356180771576,367.968427582132
AGCACTTAAGGACGCC-1,1,165.31043615715748,448.342658302132
AGCATCGTCGATAATT-1,1,362.2060383971575,267.18169382213193
AGCGACATCCCATTCA-1,1,443.2181598371575,166.60759030213194
AGCGACCAACGATATT-1,1,396.8647675171575,327.5686819821319
AGCGGGAAGGGTCCAT-1,1,188.69976255715744,86.02072934213197
AGGACATCGCACGTCG-1,1,200.1817955171574,146.40771750213196
AGGCCACCCGTTATGA-1,1,199.96916527715746,387.955670142132
AGGCCCATTGTACAGG-1,1,396.8647675171575,126.42047494213193
AGGCTATGGTTAGCTT-1,1,107.4750108771575,347.55592454213195
AGGGCGTGATCGGCTA-1,1,281.1939169571574,166.60759030213194
AGGTAACCTCCTATTC-1,1,235.05315487715745,86.02072934213197
AGTATAATACTAGGCA-1,1,142.34637023715743,327.5686819821319
AGTCAGCCACCGCCTG-1,1,84.51094495715745,146.195087262132
AGTCGGCCCAAACGAC-1,1,211.6638284771575,327.5686819821319
AGTGTGGTCTATTGTG-1,1,26.675519677157467,246.769190782132
AGTTCCTACAGAATTA-1,1,338.8167119971574,428.355415742132
ATAAAGGCTCGGTCGT-1,1,338.8167119971574,508.729646462132
ATAATAGTGTAGGGAC-1,1,107.68764111715745,186.59483286213197
ATACTAGCATGACCCT-1,1,466.1822257571574,247.19445126213202
ATAGACGAAGAGAAAG-1,1,280.98128671715745,488.529773662132
ATAGAGTACTGGGACA-1,1,315.8526460771575,347.768554782132
ATAGGTTGGGCAGATG-1,1,500.8409548771574,388.168300382132
ATATTGCTGTCAAAGT-1,1,130.86433727715746,186.59483286213197
ATATTTAACCCTCAAG-1,1,396.6521372771574,448.55528854213196
ATCCAACGCAGTCATA-1,1,188.4871323171575,327.5686819821319
ATCGACTCTTTCCGTT-1,1,466.1822257571574,287.381566622132
ATCGCACGCCGGGAGA-1,1,419.8288334371574,327.781312222132
ATCTTGACCTGCAACG-1,1,269.4992537571575,347.768554782132
ATGAAGCCAAGGAGCC-1,1,292.6759499171575,267.18169382213193
ATGAGGAGTGTTAATC-1,1,165.31043615715748,327.5686819821319
ATGATCGGGAATAGAC-1,1,385.3827345571575,146.40771750213196
ATGCACTACCGCATTG-1,1,280.98128671715745,367.7557973421319
ATGCTCAGTGTTGCAT-1,1,95.99297791715742,246.98182102213195
ATGGATTGACCAAACG-1,1,466.1822257571574,367.968427582132
ATGTGCATCCGACGCA-1,1,420.0414636771575,287.381566622132
ATGTTACGAGCAATAC-1,1,96.20560815715749,126.20784470213198
ATTACTAGCCTCTTGC-1,1,269.71188399715743,186.59483286213197
ATTAGATTGATAGCGG-1,1,327.5473092771574,206.79470566213195
ATTATGCCATAGGGAG-1,1,373.68807135715747,247.19445126213202
ATTCCTCCGCCAGTGC-1,1,211.6638284771575,287.16893638213196
ATTGAAGATCTTAGTG-1,1,327.33467903715746,448.342658302132
ATTGCTGCTCCTCCAT-1,1,257.80459055715744,528.929519262132
ATTTAACTCGTATTAC-1,1,362.2060383971575,106.22060214213195
ATTTACAGTTTACTGG-1,1,199.96916527715746,428.142785502132
CAAACGGTCGCACTTT-1,1,223.14586143715746,428.142785502132
CAACGACCCGTTTACA-1,1,339.0293422371575,226.99457846213193
CAACGGTTCTTGATAC-1,1,200.1817955171574,186.59483286213197
CAACTCCTTGATCCCG-1,1,292.6759499171575,186.59483286213197
CAAGCAACGTCGGAGT-1,1,199.96916527715746,468.3299008621319
CACACAGGGATAGATT-1,1,72.81628175715741,327.35605174213197
CACAGCACCCACGGCA-1,1,443.0055295971574,448.55528854213196
CACAGCTAGGGAGTGA-1,1,454.70019279715746,226.99457846213193
CACCCACACGTCACCC-1,1,258.0172207971575,166.60759030213194
CACCGCCAGAAGGTTT-1,1,443.0055295971574,367.968427582132
CACCTAATAGAGTCGT-1,1,49.85221583715747,166.394960062132
CACGCAGCGAGGCTTT-1,1,257.80459055715744,448.342658302132
CACTGTCCAAGTGAGA-1,1,258.0172207971575,206.79470566213195
CACTTAATCAGACGGA-1,1,315.6400158371574,508.729646462132
CACTTCGCCACAGGCT-1,1,119.16967407715742,246.98182102213195
CAGATACTAACATAGT-1,1,292.6759499171575,347.768554782132
CAGCTCACTGAGACAT-1,1,443.0055295971574,488.74240390213197
CAGCTCGTGCTTGTGT-1,1,246.53518783715742,106.007971902132
CAGTAATCCCTCCCAG-1,1,49.85221583715747,246.769190782132
CAGTGTCCGCAGAATG-1,1,188.69976255715744,126.20784470213198
CAGTTCAAATTGACAC-1,1,350.51137519715746,408.155542942132
CATACAAAGCCGAACC-1,1,165.52306639715744,85.80809910213202
CATAGTAGCATAGTAG-1,1,281.1939169571574,206.79470566213195
CATCGCCCGCGGCCAA-1,1,269.71188399715743,106.22060214213195
CATGGCAGGAAGATCG-1,1,420.0414636771575,166.60759030213194
CATTATGCTTGTTGTG-1,1,361.99340815715743,347.768554782132
CATTTCTAGCAGACTA-1,1,61.33424879715744,146.195087262132
CCAAACAGAACCCTCG-1,1,315.8526460771575,267.18169382213193
CCAACGATGCACTGAT-1,1,188.4871323171575,448.342658302132
CCAAGGAACAGAGAGG-1,1,316.06527631715744,106.22060214213195
CCAATAGTGCCGTCGA-1,1,246.32255759715747,508.729646462132
CCAATTGAATGTTAAT-1,1,292.6759499171575,226.99457846213193
CCAGGGACGTGGCCTC-1,1,373.68807135715747,367.968427582132
CCATCCATACCAAGTC-1,1,200.1817955171574,106.007971902132
CCATGCTCTGCAGGAA-1,1,258.0172207971575,246.98182102213195
CCATTAGCGATAATCC-1,1,246.32255759715747,468.542531102132
CCATTCCCTGCCCACA-1,1,211.45119823715743,488.529773662132
CCCGCCATGCTCCCGT-1,1,234.8405246371575,206.79470566213195
CCCGCGCAATGCACCC-1,1,26.675519677157467,206.582075422132
CCCGTCAGCGTCTGAC-1,1,350.51137519715746,287.381566622132
CCCTCATTCTGGAATT-1,1,269.71188399715743,146.40771750213196
CCCTGAAATGAGTTGA-1,1,211.6638284771575,448.342658302132
CCGAAAGTGGTGAGCA-1,1,73.02891199715748,166.394960062132
CCGGAATGGTTTCAGT-1,1,130.6517070371575,307.36880918213194
CCGGGACCCGCAGAGA-1,1,362.2060383971575,146.40771750213196
CCGTACCCAAGCGCCA-1,1,154.04103343715747,65.82085654213199
CCTACGGCTCAGTCGA-1,1,130.86433727715746,146.195087262132
CCTACTGCTTACACTT-1,1,327.33467903715746,367.968427582132
CCTCACCAATCTTGAC-1,1,165.52306639715744,166.394960062132
CCTGCTATTTGAGAAG-1,1,338.8167119971574,347.768554782132
CCTGGCTAGACCCGCC-1,1,257.80459055715744,408.155542942132
CGAGCACTTCAAGTTT-1,1,49.63958559715741,287.16893638213196
CGAGCGTTGATCAGCC-1,1,292.88858015715743,65.82085654213199
CGCAAACACGAGTTAC-1,1,188.4871323171575,367.7557973421319
CGCAATTACTTTCGGT-1,1,142.34637023715743,287.16893638213196
CGCAATTAGGGTAATA-1,1,269.4992537571575,387.955670142132
CGCAATTCTACAATAA-1,1,84.2983147171575,347.55592454213195
CGCATTAGCTAATAGG-1,1,419.8288334371574,367.968427582132
CGCGTTCATGAAATAC-1,1,350.51137519715746,367.968427582132
CGCTATACCGCCCACT-1,1,177.21772959715747,106.007971902132
CGCTATTCAATGTATG-1,1,119.16967407715742,206.582075422132
CGCTCGACATAATGAT-1,1,281.1939169571574,246.98182102213195
CGCTCTCCGTAGATTA-1,1,188.4871323171575,488.529773662132
CGCTGTGACGCCGCAC-1,1,304.15798287715745,327.5686819821319
CGCTTCCACTGAAATC-1,1,246.53518783715742,186.59483286213197
CGCTTTCATACCGGTG-1,1,339.0293422371575,106.22060214213195
CGGAGTTTGAGAGACA-1,1,153.8284031971574,428.142785502132
CGGGATCAATGTAAGA-1,1,443.0055295971574,287.381566622132
CGGGCAGCTAAACCGC-1,1,408.1341702371575,468.542531102132
CGGTGTACTTGATCCC-1,1,119.16967407715742,166.394960062132
CGTATTAAGAGATCTA-1,1,385.17010431715744,468.542531102132
CGTGTCCCATTCGCGA-1,1,223.14586143715746,387.955670142132
CGTTGTTTCAATTCCC-1,1,223.14586143715746,508.729646462132
CTAATTCGCACGCGCT-1,1,153.8284031971574,387.955670142132
CTAATTTCAACAACAC-1,1,72.81628175715741,246.98182102213195
CTACTGCCACCTGACC-1,1,489.35892191715743,367.968427582132
CTCAGGACTCACCTGT-1,1,107.68764111715745,146.195087262132
CTCATTTGATGGGCGG-1,1,477.87688895715746,267.394324062132
CTCCGGCCTAATATGC-1,1,443.2181598371575,207.007335902132
CTCCTAAGTTATGTCT-1,1,107.68764111715745,65.82085654213199
CTCGAGGTCGAACAGT-1,1,443.0055295971574,408.155542942132
CTCGGTCCGTAGCCTG-1,1,339.0293422371575,186.80746310213192
CTGAGCAAGTAACAAG-1,1,49.85221583715747,125.99521446213203
CTGCACCTGGAACCGC-1,1,327.5473092771574,126.20784470213198
CTGGAAATGGATGCTT-1,1,373.4754411171574,408.155542942132
CTGTATGGTGTAGAAA-1,1,130.6517070371575,226.78194822213197
CTGTTCACTGCCTGTG-1,1,408.34680047715744,267.18169382213193
CTGTTCATCTCACGGG-1,1,153.8284031971574,267.18169382213193
CTTACACGGTATTCCA-1,1,280.98128671715745,448.342658302132
CTTACACTGGGAAATA-1,1,315.8526460771575,146.40771750213196
CTTATGTTGACTACCA-1,1,73.02891199715748,85.80809910213202
CTTCATAGCTCAAGAA-1,1,188.69976255715744,206.79470566213195
CTTGTACTTGTTGACT-1,1,350.51137519715746,247.19445126213202
CTTGTTTATGTAGCCA-1,1,84.51094495715745,186.59483286213197
CTTTGGCTTTAGTAAA-1,1,223.14586143715746,468.542531102132
GAAAGTGACTAACTGC-1,1,119.16967407715742,327.35605174213197
GAAATACTAAACGTTT-1,1,15.193486717157498,186.382202622132
GAAATGGCGGTGTTAG-1,1,361.99340815715743,428.355415742132
GAAATTCACATCGCTG-1,1,327.5473092771574,86.02072934213197
GAACACACATCAACCA-1,1,339.0293422371575,267.18169382213193
GAAGAACGGTGCAGGT-1,1,223.35849167715742,106.007971902132
GAAGCTTGCTGACCGC-1,1,165.31043615715748,407.94291270213193
GAATCGACATGGTCAC-1,1,246.32255759715747,347.768554782132
GAATCGCCGGACACGG-1,1,235.05315487715745,45.620983742131955
GAATTTCTCGCTGCAG-1,1,107.4750108771575,387.74303990213195
GACAACGCAGCTTACG-1,1,385.3827345571575,226.99457846213193
GACACGAGTTAGAGGA-1,1,49.85221583715747,206.582075422132
GACCAGAGCCCTGTAG-1,1,304.15798287715745,448.342658302132
GACGTGTAGGGATTAT-1,1,130.6517070371575,387.955670142132
GACTAAGATCATGCAC-1,1,373.68807135715747,287.381566622132
GACTAAGTAGGCTCAC-1,1,258.0172207971575,367.7557973421319
GAGACTGATGGGTAGA-1,1,408.34680047715744,388.168300382132
GAGATCTGCTTGGCAT-1,1,269.2866235171574,508.729646462132
GAGCATCATCCCTGGG-1,1,223.35849167715742,65.82085654213199
GAGCTCTCGGACCTAA-1,1,142.34637023715743,126.20784470213198
GAGGAATGGAGAGGTT-1,1,119.16967407715742,367.7557973421319
GAGGTCCCAAAGATCT-1,1,61.33424879715744,186.382202622132
GAGTACGGGTATACAA-1,1,258.0172207971575,126.20784470213198
GATAAATCGGTGGATG-1,1,235.05315487715745,126.20784470213198
GATCATTCCAAACATT-1,1,408.34680047715744,428.355415742132
GATCCCTTTATACTGC-1,1,454.4875625571575,388.168300382132
GATCGACACTATCTGA-1,1,304.15798287715745,367.7557973421319
GATGCTACAAGCGCCT-1,1,350.7240054371574,166.60759030213194
GATGGCGCACACATTA-1,1,95.99297791715742,206.582075422132
GATGTTTGTGCGAGAT-1,1,107.68764111715745,226.78194822213197
GCAAGTGCACAGAGAA-1,1,246.32255759715747,307.36880918213194
GCACTAGTCGCGCTAT-1,1,258.22985103715746,86.02072934213197
GCATCCCTAACTTTGA-1,1,246.53518783715742,146.40771750213196
GCCCACCAAGGCTGTC-1,1,200.39442575715748,65.82085654213199
GCCCAGTTGGTATGCC-1,1,200.1817955171574,267.18169382213193
GCCCGCGCGTTTGACA-1,1,223.35849167715742,226.78194822213197
GCCGAAATTCCTACGT-1,1,280.98128671715745,528.929519262132
GCCTAGCGATCTGACC-1,1,246.53518783715742,226.99457846213193
GCCTATTCCGATATAG-1,1,107.4750108771575,307.36880918213194
GCCTTCAGCCCTACCG-1,1,339.0293422371575,146.40771750213196
GCGAAGCCATACCCGT-1,1,466.1822257571574,448.55528854213196
GCGGGAACCAGGCCCT-1,1,315.8526460771575,186.59483286213197
GCGGTCCCTAGACGCA-1,1,281.1939169571574,86.02072934213197
GCTAATACCGAATGCC-1,1,304.3706131171574,246.98182102213195
GCTAGTTTCATTGAGG-1,1,188.69976255715744,166.394960062132
GCTATCGCGGCGCAAC-1,1,38.15755263715744,226.78194822213197
GCTCTAAACCCTGACG-1,1,431.52349663715745,307.581439422132
GCTCTATGTTACGTGC-1,1,223.14586143715746,347.768554782132
GCTCTCGGGTACCGAA-1,1,431.52349663715745,347.768554782132
GCTGGCATATTCACCT-1,1,118.95704383715747,448.13002806213194
GCTTGATGATAATCAG-1,1,177.0050993571574,267.18169382213193
GGAGAAGTCATTGGCA-1,1,234.8405246371575,287.381566622132
GGAGTGCCGCCCTGGA-1,1,373.68807135715747,206.79470566213195
GGATTCAGTACGGTGG-1,1,142.34637023715743,206.582075422132
GGCACTCCACTGGGCA-1,1,292.4633196771574,508.729646462132
GGCGGAGTAATATTAG-1,1,292.4633196771574,468.542531102132
GGCGTCCTATCCGCTG-1,1,142.13373999715748,448.342658302132
GGCTATTAAGTTGTAT-1,1,234.62789439715743,488.529773662132
GGCTCGTGCCACCAGC-1,1,200.1817955171574,226.78194822213197
GGGACTGCATAGATAG-1,1,454.4875625571575,468.542531102132
GGGCGATATGTGTGAA-1,1,431.52349663715745,388.168300382132
GGGCGGTCCTATTGTC-1,1,84.51094495715745,106.007971902132
GGGCGTACATTTATAT-1,1,385.17010431715744,307.581439422132
GGGCTGGTTAGTCGCG-1,1,350.51137519715746,448.342658302132
GGGTACCCACGGTCCT-1,1,61.33424879715744,106.007971902132
GGGTATGTATGCACTT-1,1,84.2983147171575,387.74303990213195
GGGTCACCGTGACGGT-1,1,304.15798287715745,528.929519262132
GGTAACTATGTATCTG-1,1,269.71188399715743,65.82085654213199
GGTATTGCCGAGTTTA-1,1,373.4754411171574,488.74240390213197
GGTCGGTAATTAGACA-1,1,177.21772959715747,65.82085654213199
GGTGAGATGCAGATAA-1,1,177.0050993571574,146.40771750213196
GGTGCGGATAAGTGGC-1,1,292.88858015715743,146.40771750213196
GGTTAGGCTTGGAGAA-1,1,177.0050993571574,387.955670142132
GGTTTGAGTGCTGGAA-1,1,246.53518783715742,65.82085654213199
GTAAGCGGGCAGTCAG-1,1,489.35892191715743,287.381566622132
GTAAGTAGGGTATACC-1,1,177.0050993571574,347.55592454213195
GTACGAGATTGCGACA-1,1,420.0414636771575,247.19445126213202
GTACTAAGATTTGGAG-1,1,396.6521372771574,367.968427582132
GTACTGCATGAAGCGT-1,1,211.87645871715745,45.620983742131955
GTACTTGGGCACTTCT-1,1,142.34637023715743,166.394960062132
GTAGACGTCGTTACAT-1,1,211.87645871715745,86.02072934213197
GTATAGGACTCAGTAG-1,1,431.52349663715745,226.99457846213193
GTATCAGCTTGGGTTC-1,1,153.8284031971574,226.78194822213197
GTATTAAGGCGTCTAA-1,1,61.33424879715744,226.78194822213197
GTCAAAGTTTACATAG-1,1,96.20560815715749,85.80809910213202
GTCACTCTCCAAATCT-1,1,119.16967407715742,287.16893638213196
GTCAGAATAGTCTATG-1,1,130.6517070371575,428.142785502132
GTCATGCACCTCCGTT-1,1,466.1822257571574,408.155542942132
GTCATGGACATGACTA-1,1,477.6642587171574,347.768554782132
GTCCGGCTGAATTGCG-1,1,361.99340815715743,387.955670142132
GTCGGATATCTCAGAC-1,1,176.79246911715745,468.3299008621319
GTGAAACGTGCTCCAC-1,1,188.69976255715744,45.620983742131955
GTGCGGGTCTCCAAAT-1,1,408.34680047715744,226.99457846213193
GTGCTCAAGTACTGTC-1,1,361.99340815715743,508.729646462132
GTGGACGTGCTGAGAC-1,1,211.87645871715745,166.394960062132
GTGGGCTTAGACACAC-1,1,211.6638284771575,407.94291270213193
GTTCACAGGAGTCTAG-1,1,153.61577295715745,468.3299008621319
GTTCCAGTCTGACCAT-1,1,373.68807135715747,166.60759030213194
GTTCTTCCCTCGATGT-1,1,350.7240054371574,126.42047494213193
GTTGCACGGAGTTTCG-1,1,315.8526460771575,307.36880918213194
GTTGTCGTGTTAGTTG-1,1,304.3706131171574,126.20784470213198
GTTTCCTGGAGGGTGA-1,1,327.33467903715746,327.5686819821319
GTTTGACCAAATCCTA-1,1,431.3108663971575,428.355415742132
GTTTGGCCGCTCAGCG-1,1,130.86433727715746,65.82085654213199
TAAATGAATCCGTTTC-1,1,95.99297791715742,287.16893638213196
TAACAAAGGGAGAAGC-1,1,165.52306639715744,246.98182102213195
TAACGCTTTGAGAGCG-1,1,95.99297791715742,367.7557973421319
TAACTATCGAAGGTCC-1,1,153.8284031971574,307.36880918213194
TAACTCCATGGAGGCT-1,1,73.02891199715748,206.582075422132
TAAGGAACTTGTGGGA-1,1,223.35849167715742,146.40771750213196
TAATATTGAAATTCGC-1,1,304.3706131171574,166.60759030213194
TACCTCACGCTTGTAC-1,1,408.5594307171574,146.40771750213196
TACGAACACGACTTCA-1,1,373.4754411171574,448.342658302132
TACGTGCACTATGCTG-1,1,142.34637023715743,246.98182102213195
TAGAGTCTAAGCGAAC-1,1,396.6521372771574,408.155542942132
TAGCAACCTGTCACAA-1,1,61.33424879715744,266.969063582132
TAGCTAAGTCCGGGAG-1,1,419.8288334371574,408.155542942132
TAGGGTGTTTCAAGAG-1,1,385.17010431715744,267.18169382213193
TAGGTGAGCCCTACTC-1,1,142.13373999715748,407.94291270213193
TAGTGCCCTCCAGAGT-1,1,361.99340815715743,468.542531102132
TATAAATCCACAAGCT-1,1,269.4992537571575,226.99457846213193
TATAAGTGAGGATAGC-1,1,211.6638284771575,246.98182102213195
TATACACGCAAAGTAT-1,1,177.0050993571574,186.59483286213197
TATCCATATCATGCGA-1,1,362.2060383971575,186.80746310213192
TATCCTGCATGGGAAT-1,1,385.3827345571575,106.22060214213195
TATCGATGATTAAACG-1,1,327.33467903715746,287.381566622132
TATGCTCCCTACTTAC-1,1,466.1822257571574,327.781312222132
TATGGATGTGCTACGC-1,1,385.17010431715744,347.768554782132
TATGGCCCGGCCTCGC-1,1,107.4750108771575,428.142785502132
TATGGGTACGTATCGT-1,1,431.3108663971575,468.542531102132
TATTTAGTCTAGATCG-1,1,431.52349663715745,186.80746310213192
TATTTGTTACCCTTTA-1,1,292.6759499171575,307.36880918213194
TCAAACAACCGCGTCG-1,1,454.70019279715746,307.581439422132
TCAACACATTGGGTAA-1,1,165.52306639715744,45.620983742131955
TCAACCATGTTCGGGC-1,1,350.51137519715746,327.5686819821319
TCACAGGTTATTGGGC-1,1,315.6400158371574,468.542531102132
TCACGCATTGTAGATC-1,1,327.33467903715746,488.74240390213197
TCACGGTCATCGCACA-1,1,281.1939169571574,287.381566622132
TCAGGTTCTTTGAGAA-1,1,246.32255759715747,428.142785502132
TCAGTACTGACCCGCG-1,1,153.8284031971574,347.55592454213195
TCATACTTACAGATCC-1,1,38.15755263715744,266.969063582132
TCATCACTCGAGCTCG-1,1,95.99297791715742,166.394960062132
TCCACAATGGTTTACG-1,1,176.79246911715745,428.142785502132
TCCAGGCGAGTACGGT-1,1,419.8288334371574,448.55528854213196
TCCCAAAGACGAAGGA-1,1,454.70019279715746,347.768554782132
TCCCAGGCTTAGCTAA-1,1,315.6400158371574,428.355415742132
TCCGATGGTGCGACAT-1,1,373.68807135715747,327.5686819821319
TCCTCTACGAGATGGC-1,1,130.6517070371575,347.55592454213195
TCCTTTCTTACGCTTA-1,1,477.6642587171574,428.355415742132
TCGAAATTTAGGACCA-1,1,280.98128671715745,408.155542942132
TCGCATCCCTAAGTGT-1,1,119.16967407715742,126.20784470213198
TCGCTCGATATATTCC-1,1,489.35892191715743,408.36817318213195
TCGCTGTGCGTAAATC-1,1,234.8405246371575,166.394960062132
TCGTCCGCTGGCGTCT-1,1,223.35849167715742,267.18169382213193
TCTAGCATCTTCGATG-1,1,258.0172207971575,287.381566622132
TCTAGTTATCAGAAGA-1,1,385.17010431715744,508.94227670213195
TCTATCATGCAGTTAC-1,1,223.35849167715742,186.59483286213197
TCTATTACGCTGGCGA-1,1,154.04103343715747,106.007971902132
TCTCTAATAGCTGGTA-1,1,362.2060383971575,226.99457846213193
TCTGAACCGGTCGGCT-1,1,188.4871323171575,246.98182102213195
TCTTACAGAGGTACCG-1,1,281.1939169571574,126.20784470213198
TCTTACGGCATCCGAC-1,1,95.99297791715742,327.35605174213197
TGACCCACGTTAGACA-1,1,304.15798287715745,488.74240390213197
TGAGAATGCTTTACCG-1,1,385.3827345571575,186.80746310213192
TGATCGGTTTGACCCT-1,1,385.17010431715744,387.955670142132
TGATCTCCGGCGCCAG-1,1,338.8167119971574,387.955670142132
TGATTCGTCTATCACT-1,1,234.62789439715743,448.342658302132
TGATTTCCTCCTGACG-1,1,154.04103343715747,146.195087262132
TGCAAGAATGACGTAA-1,1,454.4875625571575,428.355415742132
TGCGCGATTAACGGAG-1,1,234.8405246371575,367.7557973421319
TGCTGGTTGGACAATT-1,1,234.8405246371575,246.98182102213195
TGGAAGACGAACACCA-1,1,292.88858015715743,106.22060214213195
TGGAGTGATGCGATGA-1,1,234.8405246371575,408.155542942132
TGGCCGTATATTGACC-1,1,200.1817955171574,347.55592454213195
TGGCTTTGGGTAGACA-1,1,350.51137519715746,206.79470566213195
TGGGAAATGCCTTTCC-1,1,72.81628175715741,287.16893638213196
TGGTTCGTAGCAAAGG-1,1,396.8647675171575,287.381566622132
TGTGTCGCGAGTTGCA-1,1,177.0050993571574,307.36880918213194
TGTTCTTCCATTGACT-1,1,257.80459055715744,488.529773662132
TGTTTCGGTACTTCTC-1,1,408.5594307171574,186.80746310213192
TTAACCAACCCTCCCT-1,1,396.8647675171575,206.79470566213195
TTAAGCGCCTGACCCA-1,1,269.4992537571575,428.142785502132
TTACAACTACGCATCC-1,1,361.99340815715743,307.581439422132
TTACATCGTGGCCTGG-1,1,177.0050993571574,226.78194822213197
TTAGCAACATGGATGT-1,1,84.51094495715745,226.78194822213197
TTATATTTGGCAATCC-1,1,500.8409548771574,347.98118502213197
TTATCCAATCGAACTC-1,1,142.34637023715743,85.80809910213202
TTATCTGTATCATAAC-1,1,454.70019279715746,267.394324062132
TTATGACAAACTGGAT-1,1,165.31043615715748,367.7557973421319
TTCAACGACCCGACCG-1,1,315.8526460771575,226.99457846213193
TTCCTCGAGGGTGTCT-1,1,327.33467903715746,247.19445126213202
TTCGACGGGAAGGGCG-1,1,269.4992537571575,307.36880918213194
TTCGCACTCGCGTGCT-1,1,280.98128671715745,327.5686819821319
TTCGGCTAGAGATGGT-1,1,38.15755263715744,186.382202622132
TTCGTACTCCAGAACG-1,1,95.99297791715742,407.94291270213193
TTCTACTTGCGAGGGC-1,1,130.6517070371575,266.969063582132
TTCTAGGCCAATTGTG-1,1,269.4992537571575,267.18169382213193
TTCTTAGTGAACGGTG-1,1,153.8284031971574,186.59483286213197
TTCTTGTAACCTAATG-1,1,165.52306639715744,287.16893638213196
TTGAAGAATTCCCAGG-1,1,338.8167119971574,468.542531102132
TTGATCTAACTTTGTC-1,1,304.15798287715745,408.155542942132
TTGATTATGCAGATGA-1,1,142.13373999715748,367.7557973421319
TTGCACGGAGCAGCAC-1,1,443.2181598371575,247.19445126213202
TTGCTGAAGGAACCAC-1,1,420.0414636771575,207.007335902132
TTGCTGATCATGTTCG-1,1,419.8288334371574,488.74240390213197
TTGGATTGGGTACCAC-1,1,396.8647675171575,166.60759030213194
TTGGCTCGCATGAGAC-1,1,188.4871323171575,287.16893638213196
TTGTCGTTCAGTTACC-1,1,431.52349663715745,267.394324062132
TTGTGGCCCTGACAGT-1,1,454.70019279715746,186.80746310213192
TTGTTAGCAAATTCGA-1,1,246.32255759715747,267.18169382213193
TTGTTCAGTGTGCTAC-1,1,500.8409548771574,307.581439422132
AAACAGAGCGACTCCT-1,2,108.50515708006549,214.2200232686607
AAACTCGTGATATAAG-1,2,389.4804850211031,261.0608944935974
AAAGGTAAGCTGTACC-1,2,188.36068530195865,75.0735076586864
AAATAACCATACGGGA-1,2,48.234519130431636,248.8888654298828
AAATAAGGTAGTGCCC-1,2,490.03495062991715,388.8287339702093
AAATGATTCGATCAGC-1,2,349.1749203588906,237.7207970923892
AAATTACCTATCGATG-1,2,229.40011406367083,423.3368997089108
AACATATCAACTGGTG-1,2,289.57027200875615,411.8250201352648
AACATCGATACGTCTA-1,2,328.9410125623717,156.55574806260853
AACCTTTACGACGTCT-1,2,108.59476858309804,260.61135279939765
AACGCATGATCTGGGT-1,2,268.9500776233513,260.85028669772856
AACTCCTAATCCCATG-1,2,68.19959241785298,190.87992586745258
AAGATTGGCGGAACGT-1,2,189.29074448276313,446.5721197722971
AAGCGGCGTCATGGGT-1,2,87.97457419769324,109.63661936186148
AAGGATGAGGGACCTC-1,2,169.31956762161792,481.240108813294
AAGGGACAGATTCTGT-1,2,209.34542927321687,434.954509740604
AAGTTCAGTCTGCGTA-1,2,248.80578132986503,226.0765671986847
AATAGCTACCGCGTGC-1,2,329.03062406540425,202.94707759334537
AATATCGAGGGTTCTC-1,2,309.4409688653526,400.31399368184407
AATCTATGCCGGAGCC-1,2,389.57620009785927,330.7931745457678
AATGATGATACGCTAT-1,2,189.0110414721496,376.9464232983991
AATGATGCGACTCCTG-1,2,289.4806605057236,365.43369060452784
AATGCACCAAGCAATG-1,2,188.7252348878123,283.97977630306775
AATTCATAAGGGATCT-1,2,169.14034461555298,388.45744975182
AATTTGGGACATAGTA-1,2,68.20569599157662,214.2208763888861
ACAAATTCAGATCTGA-1,2,127.99433227556838,40.01006976773817
ACACCACATAATTAGC-1,2,510.0896354203711,377.21112393851615
ACAGTATACCGTGGGA-1,2,409.24936322721965,156.4766374665727
ACCAAACACCCAGCGA-1,2,348.9956973528257,144.9381380309153
ACCAACACCACACACT-1,2,329.22071557298545,226.18144453650643
ACCAGTGCCCGGTCAA-1,2,148.24521214732715,74.9677772006394
ACCCTGGTAACGCCCT-1,2,389.28428993979827,214.4855770290029
ACGAGTACGGATGCCC-1,2,349.74042995384144,400.3131405616187
ACGCAATCACTACAGC-1,2,369.51541173368173,319.06983405602756
ACGCTAGTGATACACT-1,2,309.63106037293375,423.548360625005
ACGGAGCGCAAATTAC-1,2,288.91515091077275,202.84134713529838
ACGGGCGTATGCGACA-1,2,449.65064296618834,249.54901491995128
ACGTTCGCAATCAATT-1,2,490.2311457112221,435.40405143480365
ACTAATACGTCAGGCG-1,2,88.07505420224186,86.4796567742855
ACTATATGCTGTGTTC-1,2,208.51108516916858,133.18817767916372
ACTCCCGAATTCGTTT-1,2,389.84503460695674,469.9671631379788
ACTTACCGGGCGCGCA-1,2,88.17076927899802,156.21193682645594
ACTTTACCCTCATGAA-1,2,410.0063029756829,458.53354104014295
AGAATGCGGGTTCGGA-1,2,228.5596663858987,98.22961712603711
AGAATTATGGATTCGA-1,2,329.8649681694526,504.7134096547858
AGACGGGCCGATTTAA-1,2,128.00043584929224,63.35102028917157
AGAGAACCGTCTAGGA-1,2,169.23605969230937,458.18972980399025
AGATCGTGCATAAGAT-1,2,208.97611475957103,318.93748373596895
AGATGAGGGTTGCGAT-1,2,148.43053872711585,191.09138678354677
AGATGATGGAGTCTGG-1,2,430.1505992691692,493.3072605391868
AGCCCTTCTAATCCGA-1,2,228.74499296568746,214.35322670894448
AGCGCGGGTGCCAATG-1,2,189.09454940145815,399.99680230770286
AGCGCTTATGGGCAAG-1,2,68.0203694117881,98.09726680597862
AGCGGTTGCCGCTCTG-1,2,368.9499021387308,156.4774905867981
AGCTAGAAGCAGAAGT-1,2,229.03079955002477,307.31987370427584
AGGACGCTCGATGTTG-1,2,188.82571489236088,260.82281371549175
AGGCAGATGCGTAAAC-1,2,149.1813749018554,469.8073398356835
AGGCGTCTATGGACGG-1,2,308.8802241981941,144.8324075728682
AGGGAAACGAGGTACT-1,2,48.334999134980194,225.7319028423068
AGGGAGACATACTTCG-1,2,449.8359695459771,365.67262450285864
AGGGTCAGTAACCCTA-1,2,308.690132690613,121.59804062970727
AGGTCGCGGAGTTACT-1,2,329.4895500820827,365.35543312871744
AGTACATCATTTATCA-1,2,409.91058789892674,388.80126098797257
AGTACCTTCGAGTGCT-1,2,208.4153700924124,63.455897626993305
AGTAGGAAGGAAGTTG-1,2,168.57483502060217,225.8651062825906
AGTCCCGCCTTTAATT-1,2,128.6555569472756,272.3346932891379
AGTCTAAAGTATACTC-1,2,429.78128475552313,377.2902345345518
AGTGAGCCTCGCCGCC-1,2,349.6399499492928,423.47010314919464
AGTGGCGGCAATTTGA-1,2,209.2558177701846,388.563180209867
AGTGTATTGCGCATTG-1,2,148.71024173772938,260.71708325744476
AGTTACTCTATCGTGG-1,2,68.29530749460918,260.612205919623
ATAAGTAGGATTCAGA-1,2,329.49565365580656,388.69638365015084
ATACCGTCATCCATAA-1,2,328.74481748106695,109.98043059801404
ATAGACAACGGGACCT-1,2,229.4897255667032,469.7282292396479
ATAGAGTTATCAACTT-1,2,229.4062176373947,446.67785023034423
ATAGGCTAGCTTCGCA-1,2,249.26470734654364,388.4849227340566
ATCAGGTCGCCATTGC-1,2,47.96568462133416,109.71487683767185
ATCAGTAGGCAGGGAT-1,2,129.03097503464528,411.6926698152063
ATCGCTGCGTGCAGCA-1,2,369.4258002306493,272.67850452529046
ATCGGCAAGCAGTCCA-1,2,188.91532639539324,307.21414324622884
ATCGTTCACTTTCGCC-1,2,68.10998091482043,144.48859633671566
ATCTGCACCTCTGCGA-1,2,329.5852651588389,435.08771318088793
ATCTTGACTTGTCCAA-1,2,409.8101078943781,411.9582235755486
ATGCCAATCGCTCTGC-1,2,228.6553814626549,167.96189717820755
ATGCGACAATTGGTCC-1,2,248.6204547500763,109.95295761577736
ATGGCTGGAAATGGCC-1,2,48.049192550642886,132.7652558469754
ATGTAAGGCTGCTCTT-1,2,470.17035734704456,423.6807109450634
ATTACTTACTGGGCAT-1,2,248.98500433592994,318.8592262601587
ATTAGATTCCTCAGCA-1,2,329.406042152774,342.3050541194139
ATTCAGGACCTATTTC-1,2,208.9700111858472,295.5965332145356
ATTCCTAAGACGTGGA-1,2,248.71006625310883,156.34428714651432
ATTGACCGGCGATGAC-1,2,369.14609722003564,203.0528080513926
ATTGATGAGTCCTAAC-1,2,349.9257565336302,516.4367501445261
ATTGTGACTTCGCTGC-1,2,228.36957487831756,74.99525018287619
ATTTACTAAGTCCATT-1,2,449.92558104900945,412.0639540335957
CAAATTGGATTATGCC-1,2,409.3450783039759,226.20891751874322
CAAGGTCCTATAGGCT-1,2,470.2599688500769,470.07204047580046
CAATCCCTATACCAGC-1,2,28.09022283694526,214.11514593083893
CAATGAGGTTCGACTA-1,2,510.0000239173386,330.81979440777917
CAATGGAATCTACATA-1,2,27.994507760189094,144.38286587866853
CACAAGAAAGATATTA-1,2,288.7359279047078,110.05868807382438
CACATTCTTTCGATGG-1,2,108.6843800861304,307.00268233013475
CACCCACGAGGCAATT-1,2,88.719306798709,365.0116218925649
CACCGCGTCCACTCTA-1,2,228.84547297023605,191.19626412136847
CACGGCGCGCCAAAGG-1,2,208.60069667220114,179.57950720990067
CACGTCTATGATGTGG-1,2,47.9595810476103,86.37392631623845
CAGACCTGTAAGTGTT-1,2,329.7814602401439,481.6630306454822
CAGATCATTTAAAGTC-1,2,329.3103270760178,272.5727740672435
CAGCCTCTCCTCAAGA-1,2,128.45936186597066,225.7593758245436
CAGCTCGACAAGTTAA-1,2,209.43504077624945,481.345839271341
CAGTAACTATTTATTG-1,2,228.83460446871982,260.7445562396816
CAGTACATTCTCTAAA-1,2,248.89539283289758,272.4678967294217
CAGTAGCCCACGCGGT-1,2,189.2846409090393,423.2311692508638
CAGTCGAGGATGCAAT-1,2,269.3193921369974,376.8673127023635
CATATACTACTGATAA-1,2,228.9350844732686,237.58759365210543
CATCTATCCCGTGTCT-1,2,208.88039968281464,249.20520368379866
CATGCGACCAGTTTAA-1,2,269.3254957107212,400.20826322379685
CATGGGTCGGGTGTGG-1,2,88.72541037243283,388.35257241399825
CATGTAGGAGCGCCAA-1,2,288.81943583401653,133.10906708312797
CATTACATAGATTGTG-1,2,469.80104283339847,307.6636849404284
CATTGATGAACACGCC-1,2,449.46055145860726,226.31464797679033
CATTGCGGGTCAATTC-1,2,429.4954781711858,284.3235875392205
CCAACGCTTGCCAGGG-1,2,128.09004735232458,109.74234981990861
CCAATTACGGGTCGAG-1,2,148.79985324076193,307.10841278818174
CCACTATCCGGGTCAC-1,2,489.9514427006086,365.77835496090563
CCAGTAGTCTGATCCA-1,2,209.2449492686683,458.11147232818
CCAGTCTAGACGGCGC-1,2,129.11448296395403,434.7430488245099
CCATACCTTTACTTGT-1,2,349.830041456874,446.7044700923557
CCCAGAGGAGGGCGTA-1,2,289.19485392138625,272.46704360919637
CCGACGTAAACACAAC-1,2,128.3697503629383,179.36804629380651
CCGAGCTGTGCTTGTC-1,2,329.02452049168045,179.60612707191206
CCGCCTGCGAATTGGT-1,2,148.620630234697,214.32575372670772
CCGCTTGCTGACATGG-1,2,429.58508967421835,330.71491706995744
CCGGAGGTCTTATGGT-1,2,389.111170507457,145.0438684889624
CCGTATTAGCGCAGTT-1,2,308.886327771918,168.17335809430165
CCGTGGAACGATCCAA-1,2,329.3999385790504,318.96410359798045
CCGTTACGTTAGAACA-1,2,108.88057516743535,353.577999794729
CCTAACTAAGGCTCTA-1,2,168.94414953424825,341.88213228722555
CCTACAAGTCCGGAAT-1,2,168.29989693778109,63.3501671689462
CCTCACCTGAGGGAGC-1,2,329.68574516338765,411.9307505933118
CCTCACCTTAGCATCG-1,2,269.5155872183024,423.4426301669579
CCTCGCGCGATATAGG-1,2,188.92142996911707,330.5550937676622
CCTTTCAATGAAGAAA-1,2,229.2100225560897,400.10253276574986
CGAAGCTATAAATTCA-1,2,269.05055762789993,237.69332411015256
CGACTCAGGATGTTAT-1,2,149.08565982509924,400.0750597835131
CGACTTTGTATAGCCT-1,2,450.01519255204204,458.4552835643326
CGAGGAGCTTCCATAT-1,2,429.40586666815346,237.93225800848344
CGAGGATCGGGAACGA-1,2,489.75524761930365,319.20303749631137
CGATGGACCCTACGCC-1,2,209.05962268887956,341.98786274527265
CGCAGATCTTCACCCG-1,2,409.6247813145894,295.8346139926412
CGCATCCATCAGCCAG-1,2,469.88455076270725,330.71406394973206
CGCGAGAGGGACTTGT-1,2,268.77085461728643,168.06762763625454
CGCGGTAAGTCTAGCT-1,2,510.0061274910624,354.1607449292125
CGCGGTCACAAACCAA-1,2,268.86046612031896,214.45895716699147
CGGCACCGTTAGCGCC-1,2,28.084119263221453,190.7741954094056
CGGCAGGGTCGGGTTG-1,2,289.7555985885449,527.9486297181721
CGGCCCAACCTGTAGT-1,2,429.77518118179955,353.94928401311836
CGGTAGAGGTGCAGGT-1,2,168.95025310797183,365.223082808659
CGGTATAGGTATTAGC-1,2,128.28013885990572,132.9767167630696
CGGTCCATGAGACTCC-1,2,409.25546680094334,179.81758798800627
CGGTGGGCTCCAGCCT-1,2,168.67531502515075,202.7081436950146
CGGTTATCCAACAGTG-1,2,309.7206718759663,469.93969015574197
CGGTTCAAGTAGGTGT-1,2,249.18119941723495,365.4345437247531
CGGTTGGGTTCAAGTT-1,2,108.12973899269582,74.86204674259227
CGGTTTATGAAGGAAC-1,2,168.19941693323227,86.50712975652226
CGTTAGCTCACAACTG-1,2,68.39578749915776,237.45524333204705
CGTTCTTCGCACACCT-1,2,308.9759392749503,214.5646876250386
CGTTGAGTAATTGCGT-1,2,148.33482365035968,121.35910673137636
CGTTGTAAGATTGATT-1,2,369.5215153074055,342.4107845774609
CGTTTACAAGGCAGCT-1,2,409.4455583085245,203.0519549311672
CGTTTCACTTCGGGCG-1,2,128.55507694272683,295.491655876714
CTAACGAAACTTGCTG-1,2,269.6113022950586,493.1749102191283
CTAATTCTCAGATATT-1,2,349.5503384462603,377.0787736184577
CTACTATCTTTCAGAG-1,2,249.550513930881,481.4515697293881
CTAGACATATATGTAG-1,2,188.1644902206537,28.498190194092103
CTAGACTGCATTTCGT-1,2,88.16466570527439,132.87098630502243
CTAGATGTGAGTGTAA-1,2,390.0351261145379,493.2015300811397
CTAGCCGATGTTATGA-1,2,269.2297806339648,330.4759831716266
CTATAAGAGCCAATCG-1,2,289.38018050117495,388.59065319210373
CTATTGTGTTTGGTCA-1,2,168.479119943846,156.1328262304202
CTCAAGACATTAGCGC-1,2,188.53990830802357,167.85616672016042
CTCAGTCACGACAAAT-1,2,229.31050256063833,376.94557017817397
CTCCTTTACGCAAGTC-1,2,349.37111544019535,284.2961145569837
CTCGATATTTGCGAGC-1,2,249.1750958435111,342.0935932033197
CTCGTTTCTAATGTTT-1,2,289.2009574951101,295.8079941306298
CTCTAATGCATTGATC-1,2,369.32532022610053,295.8354671128666
CTGAATTTATTGCCAG-1,2,309.2556422855641,284.1903840989366
CTGACTGCGCAGCTCG-1,2,349.8361450305976,470.0454206137891
CTGCACCTAGTCCACA-1,2,489.94533912688485,342.4374044394723
CTGCGGTAGTCACGTG-1,2,48.05529612436669,156.10620636840878
CTGCGTTACGATATAA-1,2,88.54008379264408,272.2289628310909
CTGCTTTATGTCCGCG-1,2,349.2754003634392,214.56383450481331
CTGGTAACGAGCTCTT-1,2,289.65988351178873,458.21634966600175
CTGTCACGCCAGGCGC-1,2,108.21935049572815,121.25337627332931
CTTAGTAGGCCTACAG-1,2,369.9743377503603,481.4781895913995
CTTGTGCTCACCGATT-1,2,189.0049378984258,353.60547277696577
GAAACCATGGTGCGCT-1,2,389.659708027168,353.84355355507137
GAAATATGCTTGAATG-1,2,288.8255394077404,156.4500176045613
GAAATTAGCACGGATA-1,2,168.77103010190692,272.440423747185
GAAGGCTACCATTGTT-1,2,469.6048477520936,261.08836747583416
GAATAGCCCTGCGGTC-1,2,308.9698357012267,191.22373710360515
GAATGAAGGTCTTCAG-1,2,369.0503821432795,133.32052799922218
GAATGTATGGCAGGTC-1,2,88.34999228506294,248.99459588792993
GACGGTCAATAGAAGC-1,2,329.77535666642007,458.32208012404885
GACGTTCGTAAATACA-1,2,429.5959581757346,261.1666249516444
GACTCCCAGAATAAGG-1,2,409.71439281762196,342.2259435233782
GACTCGCGGGAATGAC-1,2,269.4151072137536,446.5995927545339
GACTCGGTCGGCGGAT-1,2,188.1705937943775,51.839140715525474
GACTGATTGGTCACAA-1,2,128.1905273568734,86.58538723233252
GAGACCCTGCAACGCC-1,2,248.42425966877153,63.37764015118296
GAGCCGAGCGTTTATT-1,2,228.56576995962251,121.57056764747048
GAGCTGTCGTCTCGGA-1,2,309.0594472042591,237.6150666343422
GAGGGCGCAGCTCTGC-1,2,189.37425241207185,469.6224987816007
GATATGCGGTAGCCAA-1,2,128.74516845030797,318.72602281987497
GATATTTCCTACATGG-1,2,88.54618736636789,295.5699133525242
GATCCTAAATCGGGAC-1,2,249.46090242784845,435.0602401986511
GATGACGATGATCGCG-1,2,349.085308855858,191.32946756165228
GCAACCACCAGACCGG-1,2,88.45047228961172,225.83763330035382
GCAAGATGTGTTCGCG-1,2,188.26020529740987,98.23047024626254
GCAGCTATGGACAGGT-1,2,288.729824330984,86.71773755239104
GCAGGTAGAGTATGGT-1,2,148.6097617331808,283.87404584502076
GCATTCAAGGCAACGC-1,2,389.66581160089186,377.1845040765047
GCATTTCCAAGGCTCC-1,2,470.0698773424958,446.83767353263954
GCCAACCATTTCCGGA-1,2,349.54423487253666,353.73782309702415
GCCAATAGGGCATCTC-1,2,309.35135736232024,353.922664151107
GCCAGGAGTAACCGAT-1,2,128.83477995334053,365.1173523506119
GCCATATTGCACACAG-1,2,148.8955683175181,376.8406928403521
GCCATCGATGCTGCAT-1,2,450.1156725565906,435.29832097675666
GCCTATAGTGTCAGGG-1,2,229.49582914042708,493.0691797610813
GCCTATGCTGGGCCTT-1,2,349.07920528213424,167.98851704021894
GCCTGCTACACTGAGA-1,2,168.10980543019994,40.11580022578522
GCGAGAGGCCATGTAA-1,2,369.2296051493443,226.10318706069611
GCGAGAGTTGCGTCCA-1,2,430.1444956954456,469.96631001775336
GCGCATCCAGTCAGCA-1,2,269.6051987213348,469.8339596976949
GCGCTGCTTTGCATTT-1,2,249.54441035715718,458.11061920795464
GCGGTGAACTGCGCTC-1,2,168.86064160493947,318.83175327792196
GCGTTCGGAGACCGGG-1,2,248.99587283744617,249.31093414184565
GCTAGCAGGGAGTGGG-1,2,188.54601188174718,191.19711724159387
GCTCATTACTGCATGT-1,2,88.26038078203058,202.60326635719287
GCTCGGAATTTAAAGC-1,2,88.91550188001395,411.58693935715917
GCTGGACCCAAAGTGG-1,2,228.6492778889313,144.6209466567741
GCTTGCAGCACAATTG-1,2,389.19467843676574,168.09424749826593
GCTTGGATCGATTAGG-1,2,309.80417980527506,492.9900691650456
GCTTTCAGAGGAGGTG-1,2,310.00037488657983,539.56538662964
GGAAACCTTGTTGAAT-1,2,289.0047624138053,249.23267666603533
GGAAAGTGCCCATGCC-1,2,128.75127202403178,342.06697334130826
GGACCTACGGTAACGT-1,2,288.90904733704895,179.50039661386504
GGACGGCTTGCGCAAC-1,2,107.93964748511462,51.62767979943129
GGAGACCAATGTGCTT-1,2,429.39976309442966,214.5913074870501
GGATCATCCCGTACGC-1,2,208.6903081752335,225.9708367406377
GGCAGCGGTAATCCTA-1,2,168.4852235175696,179.47377675185365
GGCCCGTATACCATGC-1,2,489.85572762385226,296.04607490873536
GGCTAAAGGGCGGGTC-1,2,208.77991967826605,272.3621662713747
GGCTCGCGTTGAGGTA-1,2,269.6948102243673,516.2252892284318
GGCTGAGCATCGTAAG-1,2,108.13584256641943,98.20299726402575
GGGAATGAGCCCTCAC-1,2,289.1052424183539,226.07571407845933
GGGCTCATCGAACCCA-1,2,169.22995611858556,434.8487792825569
GGGTCGTGGCAAGTGT-1,2,349.46072694322794,330.6874440877207
GGGTGCATATGAAAGC-1,2,449.9194774752859,388.7230035121622
GGTACACCAGATTTAT-1,2,469.7949392596747,284.3227344189951
GGTACCATTAAGACGG-1,2,369.6946347397466,411.8524931175016
GGTCGGATAAACGGCG-1,2,229.12041105305732,353.7112032350128
GGTGCAGAGCCTATCG-1,2,188.450296804991,121.46483718942346
GGTGGACCACGTGTTA-1,2,148.04901706602232,28.39245973604494
GGTTTAATTGAGCAGG-1,2,449.74025446922093,295.94034445068826
GGTTTGACAAGAAGCT-1,2,268.48504803294907,75.10098064092318
GTAATAAAGGGCTCCC-1,2,369.89082982105157,458.42781058209584
GTACGTCACGTATTAA-1,2,208.31489008786383,86.61286021456931
GTACTCCTGGGTATGC-1,2,309.4348652916289,376.9730431604105
GTCAATGCTATAATTT-1,2,449.4544478848836,202.97369745535687
GTCCTTTAATGACTTC-1,2,148.055120639746,51.733410257478454
GTCGTATTGGCGTACA-1,2,168.8545380312157,295.4908027564886
GTCGTGTCTGGTCATC-1,2,409.7204963913456,365.56689404481165
GTCTCGACTAAGTTTG-1,2,389.5700965241357,307.4522240243343
GTGAAACGGCGCCACC-1,2,148.98517982055066,423.2320223710891
GTGAACTCCCATTCGA-1,2,369.7007383134704,435.1934436389349
GTGAAGATTTCAAGTG-1,2,269.14016913093246,284.0846536408895
GTGAAGCCGTATAGTC-1,2,309.0655507779829,260.95601715577556
GTGACGAGGGTGACCC-1,2,490.041054203641,412.16968449164267
GTGAGGAGCGGTTGAG-1,2,28.28031434452643,237.3495128739999
GTGATGCACAACATCT-1,2,108.30896199876071,167.64470580406626
GTGCCTCAGTGTACGG-1,2,68.11608448854426,167.82954685814903
GTGGTCAGCGAAGTAT-1,2,27.91099983088037,121.33248686936497
GTGGTTACTTCTTTCG-1,2,389.94551461150536,446.8102005504027
GTTAGCCGTAAATCAA-1,2,429.8647926848319,400.34061354385545
GTTATATCAGGAGCCA-1,2,409.53516981155707,249.44328446190417
GTTCATCGTTTGGCTG-1,2,410.0898109049916,481.5839200494466
GTTCGGGCGTACCATT-1,2,430.06098776613686,446.9159310084498
GTTCGTCTGGGTCCCT-1,2,429.31625516512094,191.5409284777465
GTTGGACCGCATCAGG-1,2,389.20078201048955,191.43519801969938
GTTGGATTCAGTGGCT-1,2,148.5201502301482,237.48271631428383
TAAAGCGTTAGGAGAA-1,2,189.3803559857957,492.96344930303405
TAAAGCTGCAATAGGG-1,2,168.7649265281833,249.09947322575152
TAAATCTTTACACCTC-1,2,469.7053277566423,237.93140488825804
TAAATGCCGTCTCATG-1,2,168.38950844081344,109.74149669968324
TAACCTACCGTCCGAG-1,2,369.9804413240839,504.8191401128329
TAACTATTACGCCAAA-1,2,389.85590310847294,400.4188710196657
TAAGCCCTTACGACCA-1,2,308.7906126951616,98.44107804213127
TAATAAACAAGGAGAT-1,2,108.60087215682165,283.9523033208311
TAATCGATCCGTACGT-1,2,209.15533776563592,411.720142797443
TAATTGGAATCGGGAA-1,2,248.79967775614122,202.73561667725136
TACACCGTCGTTAGTC-1,2,449.5501629616398,272.7059775075273
TACCGCGGACTTGCAG-1,2,329.87107174317623,528.0543601762192
TACGCTATAGAAACCT-1,2,410.0959144787155,504.92487057087993
TACTGCAATCAATTAC-1,2,269.1462727046563,307.42560416232294
TACTTTACTGAGCCGG-1,2,289.66598708551237,481.5573001874352
TAGGCATGTTACGCCA-1,2,108.86970666591915,423.12629191304205
TAGGTCGCCGGAACTG-1,2,349.9196529599064,493.0957996230927
TAGTCTGTGACGTTGC-1,2,289.2844654244188,318.85837313993335
TATATTACAAATGTCG-1,2,268.85436254659515,191.11800664555815
TATCACCATGTAAAGT-1,2,67.91988940723928,121.25422939355468
TATCACCCAACCGACC-1,2,269.23588420768874,353.81693369306
TATCACTTCGAGTAAC-1,2,188.63562338477976,237.58844677233083
TATCGATCTATGCATA-1,2,129.02487146092167,388.3517192937728
TATGATCCGGCACGCC-1,2,409.63088488831323,319.17556451407455
TATGTCAAGACCGACT-1,2,148.8059568144855,330.4493633096152
TCAAGAAATACTAGCT-1,2,450.2052840596232,481.6896505074936
TCACCGCTCGGCACTC-1,2,249.74060543846196,504.68593667254913
TCACTACGACCAATGC-1,2,108.31506557248434,190.98565632549975
TCACTCGTGCAACGGC-1,2,108.4046770755169,237.3769858562367
TCAGAACCTCCACAGG-1,2,389.75542310392416,423.5758336072418
TCCAGATGTACGCCAA-1,2,409.4346898070083,272.6002470494803
TCCCAAACAGACAACG-1,2,349.3650118664718,260.9551640355503
TCCCACTCTCTTCCGG-1,2,410.0001994019593,435.1925905187095
TCCCGTCGCGTCATAG-1,2,469.8906543364309,354.0550144711655
TCCCTAGATCAATAGG-1,2,449.8298659722533,342.3316739814253
TCCGAAGTAGTCACCA-1,2,268.57465953598165,121.49231017166014
TCCGAATGGTCCTGAG-1,2,469.9802658394634,400.44634400190245
TCCGGAGGAAGGGCTG-1,2,248.5199747455277,133.10992020335337
TCCGGCCTAGCGTACA-1,2,289.46979200420753,434.9819827228407
TCCGTTTAGCCTTGAA-1,2,209.4411443499733,504.6867897927744
TCCTGCCAACTGGAGA-1,2,48.14490762739902,202.49753589914582
TCCTGGCGCTGCCTGG-1,2,208.50498159544497,109.84722715773023
TCGCCCAACTGACTCC-1,2,208.22527858483127,40.221530683832356
TCGCTAAACCGCTATC-1,2,108.69048365985421,330.34363285156803
TCGCTCGGCACCAGCG-1,2,349.45462336950413,307.34649356628734
TCGCTTTAAACGTTTG-1,2,149.1752713281316,446.46638931425014
TCGGGAACGTGCCTAG-1,2,429.8708962585557,423.6815640652888
TCGGTCCCTGACTCCA-1,2,28.00061133391273,167.723816400102
TCGGTGACCGCTCCGG-1,2,268.7647510435626,144.7266771148212
TCGTAAGCTCCGAGGA-1,2,248.71616982683267,179.68523766794766
TCTAGGTGGCGACGCT-1,2,309.71456830224247,446.59873963430863
TCTCGAACGAGGTCAC-1,2,88.25427720830675,179.2623158357595
TCTTACCGGAACTCGT-1,2,148.8894647437943,353.4997423189188
TCTTCCCATGGGCACA-1,2,309.81028337899863,516.3310196864791
TGAATATGCTATAAAC-1,2,328.93490898864786,133.21479754117507
TGACACTTCTCTTTGC-1,2,208.6842046015099,202.62988621920425
TGACCAGCTTCAAAGT-1,2,67.83027790420692,74.86289986281764
TGAGATTAGGCCCTAA-1,2,128.46546543969447,249.10032634597692
TGATCCCAGCATTAGT-1,2,369.60502323671426,365.46116358676454
TGATCTACGCTGATCT-1,2,188.62951981105593,214.24749625089748
TGATGGCTGTTTCTGA-1,2,470.080745844012,377.2893814143265
TGATTATGGCACGCAG-1,2,268.67513954053027,98.33534758408413
TGCAATTTGGGCACGG-1,2,208.59459309847733,156.23855668846733
TGCACAGTGAAGTTAT-1,2,148.3409272240833,144.7000572528098
TGCCATTACTAAAGAA-1,2,108.7800951628866,376.7349623823051
TGCGAGCCCTTCCGCG-1,2,168.39561201453725,133.08244722111658
TGGAACCACTGACACA-1,2,289.29056899814265,342.19932366136675
TGGAATATCCTTGACC-1,2,329.2098470714692,295.7297366548194
TGGCAACTCGCGCGCC-1,2,108.97018667046771,399.9693293254661
TGGCTTGTACAAGCTT-1,2,348.9895937791018,121.59718750948187
TGGGATGCACTCATTC-1,2,128.28624243362952,156.3176672845029
TGGTTAAGGGCGCTGG-1,2,429.68556967876697,307.55795448238143
TGGTTGGAGGATCCTG-1,2,48.245387631947835,179.34057331156976
TGGTTTAAACGTGGGT-1,2,389.3800050165545,284.2178570811734
TGTACTACTCTCACGG-1,2,429.3101515913973,168.19997795631303
TGTATCAGACTGAAGC-1,2,228.47005488286635,51.83828759530007
TGTATTTACCTAATGC-1,2,148.14473214277854,98.12473978821538
TGTCATTTGTTGGGAA-1,2,329.1202355684366,249.33840712408244
TTAAACTCGAATTCAT-1,2,289.7494950148211,504.6076791967388
TTAACGAACAAGCAGT-1,2,389.29039351352196,237.82652755043642
TTACAGACCTAAATGA-1,2,249.4547988541246,411.7192896772177
TTACTGTCTAGAGCTC-1,2,369.13999364631195,179.71185752995905
TTAGCTAATACGATCT-1,2,229.11430747933352,330.3702527135795
TTAGTTCAAGTGTTCG-1,2,369.2357087230682,249.44413758212954
TTCCAATCAGAGCTAG-1,2,209.0657262626034,365.328813266706
TTCCATCATGCGGTGA-1,2,148.42443515339204,167.75043626211342
TTCCGCAGAGAAATAT-1,2,249.08548434047853,295.7022636725827
TTCCGGCTCGACTTCT-1,2,248.43036324249533,86.7185906726163
TTCGCTATCTGACGTG-1,2,229.02469597630096,283.9789231828425
TTCGGACTGATGCCTT-1,2,87.88496269466066,63.24528983112452
TTCGTTCAACGAAGTT-1,2,309.15516228101524,307.34734668651265
TTCTGCTAGACTCCAA-1,2,369.6111268104379,388.80211410819794
TTCTTTGGTCGCGACG-1,2,309.34525378859644,330.5817136296737
TTGAAAGGTGTAAAGG-1,2,188.34981680044243,144.62179977699947
TTGATAGTCAATACAT-1,2,449.7463580429445,319.28129497212166
TTGATGTGTAGTCCCG-1,2,169.03986461100442,411.6144123393959
TTGCCGGTGATCCCTC-1,2,108.22545406945198,144.5943267947627
TTGCGTGAACGCTTAG-1,2,128.37585393666188,202.70899681523997
AAACAGTGTTCCTGGG-1,3,90.05017654144447,285.6515736739477
AAACGGTTGCGAACTG-1,3,219.59461846879373,464.8274055910155
AAAGGCTACGGACCAT-1,3,317.2696946144435,402.220167861567
AAAGGCTCTCGCGCCG-1,3,458.6429405854627,407.1188010063951
AACAATACATTGTCGA-1,3,328.19581312415426,204.7828824025571
AACAGCTGTGTGGCAA-1,3,365.00141169717483,133.61222713303079
AACATTGAAGTTGATC-1,3,199.76644073710347,48.756907176476744
AACATTGTGACTCGAG-1,3,276.0140478760105,381.00378037348287
AACCCGACAACCCGTG-1,3,210.68429214218642,279.84093606945527
AACGCGACCTTGGGCG-1,3,216.25963984368008,395.5902195243925
AAGACCCAACTGAACA-1,3,357.622655818917,400.27646866288114
AAGATGGCACCGGACC-1,3,369.45145986258717,225.99926989064124
AAGCCACTTGCAGGTA-1,3,62.84324293149663,136.24531678925928
AAGCGTCCCTCATCGA-1,3,407.5845119822458,177.96824131631985
AAGTGAGTCGGGTTTA-1,3,314.1470999956691,332.97275179916136
AAGTGCTTCTCTATTG-1,3,167.20873631893855,212.53721920573545
AATACCGGAGGGCTGT-1,3,207.56169752341205,210.5935200070496
AATAGTCCGTCCCGAC-1,3,419.6174329276274,432.2021269002858
AATCAGGTTTCATTTA-1,3,165.19098124468036,166.22727582797808
AATGTGCTAATCTGAG-1,3,224.95561927279337,151.8532206834077
AATTCCAAGCATGTAC-1,3,239.2186792987725,452.3868196493486
ACAAACTCCATCAGAG-1,3,28.267783439073526,253.71568544076052
ACAATGAATACGGAGA-1,3,405.3543729016483,131.66852793434492
ACATCCCGGCCATACG-1,3,459.7580101257614,430.26865769738254
ACATTCGCGCGGAATA-1,3,81.35223422117645,100.6548741566049
ACCAACGCTTATTTAT-1,3,495.6609231648228,335.93791574108604
ACCCGAGCGAAATTAC-1,3,323.74576495874186,112.39583964494665
ACCCGATTGGTTCCGA-1,3,166.0936667786398,189.387362514748
ACCCGTGTCATCAGTA-1,3,397.77346301283376,398.55538346631715
ACCCTATGCCATATCG-1,3,430.3311674309987,234.77507143705844
ACCGCTAGTCATTGGT-1,3,63.95831247179535,159.39517348024674
ACCGTGACCACGTGGG-1,3,329.31088266445295,227.93273909354457
ACCTACTATAAATCTA-1,3,198.865718094299,454.33051884803444
ACGACTGGTCATACTC-1,3,266.2112660112263,173.06960817149184
ACGCAAACTAATAGAT-1,3,293.4079696253916,322.263481049841
ACGGCCAACATGGACT-1,3,498.78351778359695,405.18533180349175
ACGTACTTTGGCACGG-1,3,144.46208087018564,155.7303890849969
ACGTTCACTATGCCGC-1,3,67.30352109269157,228.84474355320916
ACGTTCGTTCAGGAAA-1,3,352.05753811320585,284.7395692142832
ACGTTGTCGTTGAAAG-1,3,43.44179610363969,148.88805674148313
ACTACAAAGAGAGGTG-1,3,133.7483463668142,353.15744454822425
ACTACCATCCGAGGGC-1,3,61.73840338698045,113.30784410461112
ACTACGCGTTAGAATT-1,3,358.73772535921574,423.4263253538686
ACTATTTCCGGGCCCA-1,3,370.5665294028859,249.1491265816287
ACTCCAATATCATCAT-1,3,283.60518776060763,114.32930884784994
ACTGCCCGCCATTCTC-1,3,183.48758852802112,130.6470631911061
ACTGGGATGCCAGTGC-1,3,95.61529424715559,401.18847312254564
AGACTGTTACCGGGTC-1,3,292.30313008087546,299.3260083651928
AGAGAAACACCAGAAA-1,3,185.7177276086186,176.94677657308102
AGAGAAGGAGTACAAT-1,3,386.84538161196826,167.25897056699938
AGCACACGTTTAGACT-1,3,181.46983345376293,84.33711981334864
AGCAGCCAGATGAATA-1,3,440.1339492957829,442.7092436390495
AGCCAAGCTTTGTGTC-1,3,279.3592564969067,450.45335044644526
AGCCCGCAACAAGCAG-1,3,196.63557901370154,408.0308054660595
AGCCCGGCATTAGAGG-1,3,261.7612178458139,80.6825654138814
AGCCCGGTAGCCTGTA-1,3,334.6636163638246,343.47986853792514
AGCCCTCCCTGGTGGC-1,3,203.11164935799968,118.20647724943913
AGCGCATAATGAATCG-1,3,418.5023633873287,409.05227020929834
AGCGGACACTTCGTAG-1,3,321.72997277563843,494.81959462551686
AGCTAACAAGCAATGT-1,3,325.9759040393393,158.69555302692157
AGCTAAGCTCCGTCCG-1,3,26.047874354258596,207.628356065125
AGGAAGCTGTCCGCCG-1,3,343.57394269043186,528.4663380594855
AGGCAGGGAGCGTACT-1,3,375.0165775682983,341.5361693392393
AGGCCTATCATACCAA-1,3,115.23935507713438,388.74788718087865
AGGGACTCTACGCGAC-1,3,457.527871045164,383.9689443154076
AGGGTCAGAGCACTCG-1,3,189.05270623373224,246.18396263970413
AGGGTGCCGTTCTTTA-1,3,245.4721356409488,162.36033742217148
AGGGTTCAGACGGTCC-1,3,171.65878448435092,304.924261963346
AGGTAGATCGAGATAT-1,3,286.9401663857213,183.56649491447294
AGGTGGTGACCTTCGC-1,3,278.244186956608,427.3034937554578
AGTATACACAGCGACA-1,3,273.7941387911956,334.9164509978472
AGTATTTGGCACGACC-1,3,396.658393472535,375.4055267753297
AGTCAAATGATGTGAT-1,3,206.44662798311333,187.44366331606213
AGTGACTGTGACACAA-1,3,222.7254801921959,105.55350730143277
AGTTGACGGTCCTTGC-1,3,261.96533474752545,509.19364977008706
ATAATTAGCTAAGTAG-1,3,282.69423512202036,519.6905365130683
ATACGTTATGCACGGA-1,3,302.1059119456596,507.26018056718374
ATATGGGATAGCAACT-1,3,136.87094098558856,422.4048606106298
ATCATAGATCGACGAG-1,3,70.63849971780522,298.0819296198321
ATCCCATTTCCGTGGG-1,3,137.9860105258873,445.55471730161725
ATCTGACATGGAAGGA-1,3,290.07299100027797,253.0262949832179
ATCTGCTGTTATCGCC-1,3,218.479548928495,441.67754890002806
ATGACTATCAGCTGTG-1,3,291.1880605405767,276.17615167420536
ATGGACTGCTTAGTTG-1,3,47.67946026271278,241.28532949487612
ATGGGACCTGCTGAAC-1,3,324.8608344990406,135.5456963359341
ATGGGTGTATACCTCC-1,3,260.6461483055152,57.53270872289394
ATGTCTTGTTTGACTC-1,3,65.0733820120941,182.54503017123423
ATGTTGTAGTCTGTTT-1,3,253.2673924272574,324.1969502527443
ATTATCGGAATGTACG-1,3,178.33897173036078,443.6110181029314
ATTATTATGTCCGTCA-1,3,368.346620318071,203.06179720599317
ATTGCCTATTAGACCG-1,3,200.88151027740219,71.9067638674642
ATTGTCTGTTTCATGT-1,3,135.7558714452898,399.2550039196423
ATTTCCGGGTTCTGCG-1,3,447.72508918038,176.03477211341655
CAACGCGATGAGCCAA-1,3,66.18845155239282,205.6948868622217
CAACTGCTCATCCGAT-1,3,378.149402182855,410.9959694079842
CAAGTAAGTGATAGAC-1,3,176.10883264976331,397.31130472095646
CAATATTCTTGACCTA-1,3,470.4717446291329,232.84160223415512
CACAGGGCCGTTGTCA-1,3,320.6149032353397,471.6697379345294
CACATCGTGCACGCGC-1,3,348.7225594880922,215.50238314766014
CACTCCTATGTAAGAT-1,3,428.1010283504012,188.47535805508352
CACTCTCAAGCATCGA-1,3,172.77385402464967,328.07411865433346
CACTGACGATTGTGGA-1,3,255.49753150785486,370.4966636347192
CAGACACCGATCGCTG-1,3,496.77599270512155,359.0877724320735
CAGAGGCGATGCATGA-1,3,474.92179279454524,325.2286449917656
CAGCTCTGGGCTCACT-1,3,85.81251238237138,193.2543009205546
CAGTTCGAGGACCCGA-1,3,173.8889235649484,351.2239753453209
CATACACGGTTCCCAC-1,3,338.0088249847208,412.92943861088753
CATACGAACTAGCTGG-1,3,244.36729609643263,139.4228647375233
CATACTTCTTTCTCCG-1,3,195.5205094734028,384.88094877507206
CATAGCGTTGCCCACC-1,3,471.58681416943165,255.99145892514258
CATGAGTCCATCACGG-1,3,44.55686564393841,172.0379134324706
CATGCGTTGAGAGGAG-1,3,111.89414645623816,319.29831710791626
CATTATCCCATTAACG-1,3,204.21648890251583,141.14394993408732
CCAACCTTATGTAACT-1,3,209.79183660400952,256.89323338902454
CCACGGCAGGTGTAGG-1,3,123.72295049990814,145.0211183356765
CCAGCTCGAACGCATT-1,3,303.22098148595836,530.4100372581713
CCAGTCTTGTCATAGA-1,3,380.37954126345244,457.295682789959
CCATGGCAAACGCTCA-1,3,68.41859063299029,251.99460024419662
CCATGTTCATCTATAT-1,3,182.3725189877224,107.49720650011864
CCCAATGAGATTTGCA-1,3,349.83762902839095,238.65223983864763
CCCAGATTCCCGTGAC-1,3,27.162943894557344,230.77821275611245
CCCGGGTCGTTCAGGG-1,3,258.6201261266292,439.7440796971248
CCCGTAGCTGGGAAGA-1,3,409.60226705650393,224.2781846940773
CCCTCAGATCGAGAAC-1,3,100.9762950511552,88.2142882149378
CCCTCGATAATACACA-1,3,162.9608421640829,119.92756244600318
CCGGAGCGTACTTTCT-1,3,398.8783025573499,421.4928561509653
CCGGTTTGTAATTGTG-1,3,431.4462369712974,257.9249281280459
CCTATACCGTCCTGTC-1,3,453.2902068860911,291.57167156201444
CCTATATTTGTCCTGG-1,3,316.1648550699273,379.2826951769189
CCTCGCGCTGTGCGAT-1,3,420.73250246792617,455.35198359127315
CCTCGGTTTCCTTGCC-1,3,147.7970594952993,224.96757515161997
CCTCTACAAGGATTGG-1,3,201.99657981770093,95.05662055845167
CCTGAGAATAAATGCA-1,3,124.83802004020686,168.17097502666394
CCTGTTCAACCTCGGG-1,3,134.6408019049911,376.10514722865486
CCTTCAGTTAAAGTGA-1,3,333.5587768193084,320.54239585327696
CCTTGTGAACGTGGTT-1,3,113.00921599653691,342.4481737989037
CCTTTAAGGGAGCACT-1,3,395.54332393223626,352.2556700843422
CGAATGACGCATAATG-1,3,298.9730873311027,437.80038049843887
CGAATGGTAGGTCGTC-1,3,82.46730376147516,123.80473084759237
CGAGGGTATCCAGGTG-1,3,280.47432603720546,473.6032071374327
CGATCCACCATTGTTG-1,3,116.3544246174331,411.8977438718661
CGATCCTCGCAACATA-1,3,229.19328343186646,244.2504934368008
CGCACGTCTGTTTATG-1,3,184.60265806831987,153.79691988209356
CGCCCAGCACGCCTAG-1,3,376.131647108597,364.68602603022674
CGCCGCGTTCTGAACG-1,3,91.16524608174322,308.8014303649352
CGCTGTGTGGATGTTG-1,3,371.68159894318467,272.29898327261617
CGCTTAGTATTGATAC-1,3,235.8734706778763,382.9372495763862
CGGAAAGAATCAAACG-1,3,394.42825439193757,329.10581339335477
CGGCCAGAGCGACCAT-1,3,214.02950076308264,349.2905061424176
CGGTCCGTCGCAAGCC-1,3,295.6381087059891,368.56319443181593
CGGTTGAGTATCCTTC-1,3,223.84054973249462,128.70336399242024
CGTAAAGCAAGAAATC-1,3,142.23194178958818,109.43067570302196
CGTAACTTCGACACTT-1,3,194.61782393944338,361.72086208830206
CGTCGCTTGGTTATAC-1,3,281.37504868001014,68.02959546587502
CGTGACCAGTCCTCTG-1,3,297.86824778658655,414.8629078137908
CGTGCTTCTACCTAAA-1,3,303.22924859058617,101.888722906183
CGTGGTACCCAAAGGC-1,3,230.3083529721652,267.4003501277883
CGTGTCTCGTTACGAC-1,3,346.70480441383404,169.19243976990268
CGTTCAAGGAAACGGA-1,3,152.03472365437239,317.364847905013
CGTTCAGACCCGCGAA-1,3,260.8502652072267,486.0437930790997
CGTTGCCCGCGTGGGA-1,3,252.15232288695867,301.0470935617568
CGTTTGTGTAGAGGGT-1,3,451.06006780549365,245.27195818003952
CTAAATCCGGTGTACA-1,3,327.09097357963805,181.84540971790904
CTACAAGAAATAACCC-1,3,390.19059023286445,236.70854063996174
CTACTCAAGGTATAGT-1,3,350.9526985686897,261.8020965296351
CTAGGGATAGGGACAA-1,3,130.40313774591797,283.70787447526186
CTATAGGCGTTGATGT-1,3,308.581982289958,217.43585235056344
CTATATCCAGCCTGGC-1,3,164.07591170438164,143.07741913699064
CTATGAACACCTTGCC-1,3,102.09136459145395,111.36414490592526
CTATGCCCGAATGCAA-1,3,300.08815687140145,460.95023718942633
CTCAAACCACTGCCCG-1,3,269.54624463633996,242.30679423811495
CTCCTCCAGCTCACAC-1,3,315.26216953596787,356.1226084901488
CTCGAGGCAAGTTTCA-1,3,104.31127367626885,157.45147428156088
CTCGCCGAATGTAGGG-1,3,362.98561951407135,516.035982113601
CTCGGGTTCTCTGGCC-1,3,322.6306954184431,89.24598295395919
CTCGTTACGGCTACCA-1,3,148.912129035598,248.11743184260743
CTCTTCTGGAAGTTAG-1,3,309.6970518302567,240.58570904155093
CTCTTGTCCCGCTTGG-1,3,480.4971404960389,440.9779284467029
CTGATCCCTTTATGCA-1,3,122.60788095960939,121.87126164468904
CTGCCTTTAATACCTT-1,3,262.8660573903301,103.62003809852948
CTGGCTGGTTGTCAGT-1,3,479.38207095574023,417.8280717557154
CTGTAGCCATCTCACT-1,3,433.6661460561123,304.01225750368155
CTGTAGTGAGGATCGA-1,3,170.5437149440522,281.77440527235854
CTTAGTTGAGGAATCG-1,3,205.33155844281458,164.29380662507478
CTTCCGCTCCGTGAAG-1,3,435.8962851367098,350.31197088565636
CTTCTGGGCGTACCTA-1,3,226.0706888130921,175.00307737439516
CTTGGCCAAGCTGGGA-1,3,339.1238945250195,436.079295301875
CTTTGGGATTGTTGCA-1,3,311.9169609150716,286.67303841718655
GAAACCTATACAAATG-1,3,356.51781627440084,377.33899597823296
GAAAGCAGTGCACTTT-1,3,437.914040210968,396.6219142634138
GAAGAAACGATATTGT-1,3,364.09872616321536,110.45214044626078
GAAGCCTGCACATTCC-1,3,341.3438036098344,482.1666246775105
GAAGGAGTCGAGTGCG-1,3,240.12136483273196,475.5469063361186
GAATAGTGCTCGATTA-1,3,347.8198739541328,192.3422964608901
GACACCCAAAGACGCG-1,3,46.56439072241406,218.13547280388866
GACGATATCACTGGGT-1,3,105.4263432165676,180.60133097254837
GACGCCGTAAAGGCTA-1,3,478.2670014154415,394.67821506472797
GACGGGTTGGCCCGTA-1,3,335.77868590412334,366.6297252289126
GACGTTGCTCGGCGGC-1,3,83.58237330177391,146.95458753857983
GACTGCTGGTGAGAAA-1,3,208.67676706371077,233.74337669803705
GAGAGTCTCGGGAGAG-1,3,108.55916783112451,250.0611310412933
GAGCATCAACAACTTG-1,3,263.9811269306289,126.76989478951694
GAGCGGAATGCGGTGT-1,3,193.50275439914464,338.5710053973146
GAGGAATATCTCTTTG-1,3,131.51820728621672,306.8577311662493
GAGGGAGTCAGATCGC-1,3,249.93241380214374,254.9597641861212
GAGGGTAGTAACAAAG-1,3,284.7202573009064,137.4791655388374
GAGGTCCGTTCGCTGT-1,3,24.932804813959876,184.47849937413753
GAGTAGATACTAGTTG-1,3,322.8348123201546,517.757067310165
GAGTATACCCTAATCA-1,3,143.3470113298869,132.58053239400942
GAGTCAGACCAGAATC-1,3,434.781215596411,327.1621141946689
GATAGAACCCGCTAGG-1,3,157.61007135586607,433.1141313599503
GATAGTGCGAGTAAGT-1,3,191.28284531432973,292.48367602167906
GATCAACATAAAGGGA-1,3,307.4669127496593,194.28599565957597
GATCTGCTATCTAAGG-1,3,318.38476415474224,425.37002455255447
GATGACAAGTAGGGCA-1,3,406.4694424419471,154.81838462533238
GATGCTACCTTCGATG-1,3,158.71491090038222,456.0516040445983
GATTAGAAACAAGCGT-1,3,51.024668883608996,310.7348995678385
GATTGCTCCAGTTGCA-1,3,282.4901182203089,91.17945215686248
GCAAGTGTAAAGCATG-1,3,211.79936168248514,302.9907927604427
GCACAGCACGGGCCGA-1,3,109.67423737142326,273.2109877322808
GCACGCCTACTTAGAT-1,3,449.9552282609775,222.33448549539145
GCCAGGAAAGAACACT-1,3,125.9530895805056,191.3208317176513
GCCATCGAGCTGCGTG-1,3,494.54585362452406,312.7880590500986
GCCGACCCACGACTGC-1,3,304.12170412876304,124.83642558661361
GCCGGTCGTATCTCTC-1,3,156.49500181556732,409.96427466896284
GCCGTCGGTTTCGGGC-1,3,129.28806820561925,260.5580177842744
GCGACCCAACCATCTG-1,3,366.1164812374735,156.76208382401825
GCGCGGTCTAGTAACT-1,3,199.9705576388152,477.26799153268246
GCGGGCGAGCCTTACC-1,3,456.42303150064777,361.03147163075937
GCGTCCCTAAGACATA-1,3,270.6613141766387,265.4566509291024
GCTAGCGATAGGTCTT-1,3,220.50557110738097,59.46617792579724
GCTCAATGTAATACCG-1,3,319.49983369504093,448.51988124354193
GCTCATTGATCATATC-1,3,72.86863879840269,344.38164300180705
GCTCCATGCAAAGCAA-1,3,177.22390219006206,420.4611614119439
GCTCCTGACATACTGG-1,3,425.88111926558634,142.38802867944798
GCTCTTTCCGCTAGTG-1,3,277.12911741630927,404.15363706447033
GCTGCGAAGAATTATT-1,3,71.75356925810394,321.2317863108196
GCTGCTAAGTAGTCGA-1,3,439.02910975126673,419.7717709544013
GCTGGGAGCGCGTCAA-1,3,84.69744284207263,170.10444422956726
GGAAAGTCTTGATTGT-1,3,49.90959934331025,287.58504287685105
GGACCTCTAGGCCGCC-1,3,384.62547252715336,121.17164119136385
GGACTCGACAGCGCAT-1,3,192.39791485462845,315.6335327126665
GGACTCGTGAGTGGTC-1,3,268.4414050918238,219.36932155346676
GGATCTTACTGCCCTT-1,3,246.58720518124753,185.51019411315883
GGCAAGCCCATAGTGG-1,3,220.70968800909247,487.977262282003
GGCCGAGACTCTGGTG-1,3,305.2367736690618,147.98628227760108
GGCCGTTTGGGTTTCA-1,3,372.79666848348336,295.44883996360363
GGCTACTATACACTCC-1,3,271.5639997105981,288.6167376158724
GGCTCCTCCACCTGTT-1,3,367.23155077777227,179.9119405150057
GGCTTTCAATAAGGGT-1,3,361.87054997377265,492.88612542261353
GGGAACGGTTTCAGAT-1,3,265.09619647092757,149.9197514805044
GGGACCCGTATATCTT-1,3,417.38729384703,385.9024135183109
GGGCACGTAGTACTGT-1,3,153.14979319467113,340.51470459600046
GGGCAGAGCAATCGTT-1,3,401.1084416379474,467.7925695329402
GGGCATGCATGTCGAG-1,3,96.73036378745434,424.33832981353305
GGGCGTTTACATTCAT-1,3,221.61041065189715,82.40365061044531
GGGCTATGATCGATGG-1,3,416.27222430673123,362.7525568273234
GGGTCAGGAGCTAGAT-1,3,257.51528658211305,416.8066070124767
GGGTTAACATTTGAGT-1,3,476.03686233484405,348.37850168275304
GGTAGACCGTTGGGCG-1,3,497.89106224542024,382.23762912306097
GGTCGGTCGTCCACAG-1,3,437.0113546770085,373.4618275766438
GGTGCATAAATGATTA-1,3,212.9144312227839,326.14064945143014
GGTGGGATTAGGTCCC-1,3,23.81773527366113,161.32864268315006
GGTGTAGGTAAGTAAA-1,3,154.26486273496985,363.6645612869879
GGTTTAATTACCATCG-1,3,288.9579214599792,229.87643829223043
GTAACTGCCCAAGGAG-1,3,232.53849205276268,313.7000635097632
GTAGCTCCGGGAGGCT-1,3,247.70227472154627,208.6600508041463
GTAGTTCGAAGGCGAA-1,3,248.817344261845,231.80990749513376
GTCCAATATTTAGCCT-1,3,256.4002170418143,393.65675032148926
GTCCAGGCACGTGTGC-1,3,150.9298841098562,294.4273752203649
GTCGCCGTTGTGTGTT-1,3,411.8221761413189,270.36551406971284
GTCTATACACGCATGG-1,3,73.77132433236213,367.54172968857705
GTCTGTAGGTTGAACA-1,3,88.03242146718628,239.34163029619026
GTGAGATAACCTTATA-1,3,169.42864540375348,258.6245485813711
GTGATCAAGCGTGCAC-1,3,242.34954102217466,93.1129213597658
GTGCACCAGCTTCAAC-1,3,236.98854021817505,406.08710626737366
GTGGGAACAAACCGGG-1,3,132.63327682651544,330.0075878572368
GTGGTATAGTCTGCCG-1,3,410.7071066010201,247.21565737872538
GTGTCAGTGTACGTGG-1,3,190.16777577403099,269.3338193306916
GTTCCGTCCGCCTGCA-1,3,150.02719857589676,271.2672885335949
GTTCGACAATTGTATA-1,3,161.8560026195667,96.990089761355
GTTTGGTGATCGGTGC-1,3,228.0782138915677,221.10063674581335
TAAAGCGGTATTTCCA-1,3,294.52303916569036,345.41333774082847
TAAAGTGCACGTCTCG-1,3,114.12428553683563,365.5980304898912
TAAATTTAGTAACACC-1,3,128.1729986653205,237.40816109328694
TAACAGCGTTTGTGCT-1,3,287.84285191968047,206.72658160124297
TAAGCGCGAATCAAAT-1,3,241.23447148187594,69.96306466877834
TAAGGCATAACATCAA-1,3,415.1673847622151,339.81508414267523
TACCAAATAGCCCAGA-1,3,381.48438080796865,480.2331554746072
TACCAGGAATCCCGTC-1,3,186.8225671531348,199.8842492577292
TACCGTAGGTTAACTA-1,3,379.26447172315375,434.14582609897167
TACCTACTCCCAGTAT-1,3,402.22351117824616,490.94242622392767
TACCTCAGTTGTCTGT-1,3,355.4027467341021,354.1891392872455
TACCTCCACACCAATG-1,3,243.2522265561339,116.27300804653584
TACGCCGAGGGTACCC-1,3,426.996188805885,165.53788537043545
TACGCCTCCATTCCGA-1,3,460.87307966606016,453.4185143883699
TACGCTCCTAGAACTG-1,3,92.28031562204194,331.95128705592265
TACGCTGCTGTGTTAA-1,3,180.35476391346418,61.18726312236117
TACGTACTAGTGCTGA-1,3,310.80189137477294,263.5231817261991
TACTATGGTTCCTCAG-1,3,414.05231522191633,316.66522745168777
TACTCCTCTAGTTGAC-1,3,267.32633555152506,196.2194648624793
TACTCTTTCGTCTTCA-1,3,393.3131848516388,305.9559567023674
TACTGAACAGATTTAG-1,3,432.5613065115962,281.07478481903337
TAGATTCAAAGTGCGG-1,3,168.32380585923727,235.68707589672292
TAGCTAGTGATGATGG-1,3,354.28767719380335,331.03928259625803
TAGGTGTTCCACAGAT-1,3,360.7554804334739,469.73626873162607
TAGTAGCTTATACCAG-1,3,331.54102174505044,274.2324524755195
TAGTCCCGGAGACCAC-1,3,233.6535615930614,336.84992020075055
TAGTCCTGCACTAAGC-1,3,160.740933079268,73.84023307036753
TAGTCTGCGGCACATT-1,3,106.32902875052704,203.7614176593184
TATAGAGTCGCTTGAA-1,3,272.6790692508969,311.7665943068599
TATATAGGGCTTTACG-1,3,285.8353268412051,160.6290222298249
TATATATCGAGAAATG-1,3,343.3698257887204,99.95525370327968
TATATCAAAGTGATCT-1,3,127.06815912080432,214.47068840863875
TATCCGCACCGTCGGG-1,3,377.03433264255625,387.84611271699674
TATCCTATCAACTGGT-1,3,179.24165726432022,466.7711047897014
TATGTAAAGTGCTTAA-1,3,231.42342251246393,290.55020681877573
TATTAACCTGACCGCG-1,3,412.9372456816176,293.5153707607003
TCAAAGTCACGGCGTC-1,3,140.00180270899068,63.130962321047036
TCAACATAGCGCCCTA-1,3,392.42072931346195,283.0082540219367
TCAATACGCCGTCATG-1,3,300.9908424053609,484.1103238761964
TCACAGGAGAATAAGA-1,3,455.3079619603491,337.8816149397719
TCAGCAGTAGGCCCTG-1,3,330.4259522047517,251.08259578453203
TCAGTGTATACGTCAT-1,3,387.960451152267,190.40882725798681
TCATATGAGCTTTGTT-1,3,281.57916558172167,496.54067982208073
TCCAATAAAGGCTACC-1,3,296.7531782462878,391.7130511228034
TCCACCTCTAGCCTTT-1,3,336.893755444422,389.77958191990007
TCCAGGCAGGACGATC-1,3,117.45926416194928,434.8352165565142
TCCAGGGTATATACGA-1,3,342.4588731501332,505.3164813684979
TCCCAAACATCCTCTA-1,3,45.44932118211531,194.9856161129012
TCCGACCGCTAATCAA-1,3,146.68198995500057,201.81771846063253
TCCTAACCGTCGGGCA-1,3,313.0320304553704,309.822895108174
TCGAATATCCCGCAGG-1,3,385.7405420674521,144.3214978823513
TCGACATAGCGTAGCG-1,3,103.20643413175267,134.51400159691272
TCGAGCCAGGCAGGCC-1,3,408.6995815225445,201.1180980073073
TCGTACCGACGTCAAG-1,3,197.7506485540003,431.180662157047
TCGTCAAGTACGCGCA-1,3,429.2160978906999,211.62521474607098
TCGTTGCTATCCGGTC-1,3,473.8169532500291,302.2911723071175
TCTACGCACGATCTCC-1,3,42.32672656334094,125.73820005049566
TCTCTTACCGCGAACC-1,3,251.0474833424425,278.1096208771087
TGAACAAGCAGGGACT-1,3,226.97337434705156,198.16316406116516
TGAATGAGTGTTTCCC-1,3,234.75840113757758,359.78739288539873
TGACCAAATCTTAAAC-1,3,241.22620437724814,498.4843790207666
TGAGGAGTGCCAGCTT-1,3,399.99337209764866,444.64271284195274
TGAGGTGTGTGGCGGA-1,3,155.37993227526857,386.8144179779754
TGATACATTTAGCCGT-1,3,452.17513734579234,268.421814871027
TGATCACCACACTGAC-1,3,175.00399310524713,374.3738320363084
TGATTCCCGGTTACCT-1,3,274.90920833149437,358.0663076888347
TGCATGTGACCCATAG-1,3,187.93763669343352,223.03410594871667
TGCCAATGGGTACTCT-1,3,477.15193187514274,371.5283583737405
TGCCGGATGTACGAGC-1,3,306.35184320936054,171.13613896858854
TGCGACGGCCGAACGT-1,3,345.5897348735353,146.04258307891521
TGCTATGGCAAAGGGA-1,3,141.11687224928943,86.2808190120345
TGCTCGGCGAAACCCA-1,3,421.6351880018854,478.5120702780432
TGCTTAGAGAGAATGC-1,3,302.1141790502875,78.73886621519554
TGCTTCCCAAGCAGTA-1,3,323.94988186045333,540.9069240011524
TGGAGAATAATCGTCC-1,3,110.77907691593944,296.1484604169288
TGGCAAGCACAAGTCG-1,3,238.1036097584738,429.2369629583611
TGGCGACTGCTCCAAA-1,3,454.1928924200503,314.73175824878444
TGGGTTTCGGGCGTAC-1,3,120.60035588113399,75.77370227327083
TGGTCGATATACCTCT-1,3,86.91735192688756,216.1917736052028
TGTCCGCAAACAATTC-1,3,94.50022470685687,378.0386164315582
TGTGAGACTAGCCCAA-1,3,382.5994503482674,503.38301216559455
TGTGGCGGGCTTCTGG-1,3,259.73519566692795,462.89393638811225
TGTGGTTGCTAAAGCT-1,3,254.38246196755614,347.34680694373174
TTAAAGGCGATGCTCG-1,3,93.38515516655812,354.8887597405707
TTACCCTAGGGATTGG-1,3,359.8527948995145,446.57618204485607
TTAGAATAAGGGTCGG-1,3,332.4437072790097,297.3925391622895
TTAGGTCATAACCGAC-1,3,389.07552069256576,213.55868394897428
TTCACGGTCGTCACGT-1,3,121.49281141931067,98.72140495370158
TTCACTTCCTAGAACG-1,3,215.14457030338136,372.44036283340506
TTCAGTTCAAGAGGAG-1,3,107.44409829082579,226.91127435030586
TTCCGGCCTTGAGGCT-1,3,472.7018837097304,279.14131561613004
TTCGAACGAAACATGC-1,3,69.52343017750647,274.93207292884466
TTCGCACTGTACGACA-1,3,340.2287340695357,459.01676798652306
TTCGCGCGCCATACGA-1,3,373.9117380237821,318.5986966545911
TTCGGGCGCTAGTCTT-1,3,448.8401587206787,199.184628804404
TTCTACCTCAATCGGT-1,3,159.62586353896924,50.69037637938007
TTCTAGAAAGTCTTAT-1,3,353.1726076535046,307.8894259052707
TTCTATTAAACGCAGC-1,3,217.36447938819626,418.5276922090406
TTGATGCCGCTCGTCG-1,3,145.56692041470183,178.66786176964507
TTGCGGCATCAGAAAG-1,3,493.4307840842253,289.6382023591111
TTGTCTCGGCAAGATG-1,3,48.79452980301153,264.4351861858636
TTGTGTATGCCACCAA-1,3,441.24901883608163,465.85910033003694
TTGTTTCACATCCAGG-1,3,391.30565977316326,259.85839733094923
TTGTTTCATTAGTCTA-1,3,344.48489532901914,123.10511039426714
TTGTTTGTATTACACG-1,3,89.14749100748503,262.4914869871777
AAACAAGTATCTCCCA-1,4,363.01496011824935,512.1521538176278
AAACATTTCCCGGATT-1,4,403.46802942265555,286.92316282765563
AAACGCTGGGCACGAC-1,4,54.91961237822568,132.49367026822674
AAAGAATGTGGACTAA-1,4,295.4180879641442,93.46369539562241
AAAGTGCCATCAATTA-1,4,77.24550836265524,272.1438759317578
AAATCTAGCCCTGCTA-1,4,369.9222928184797,451.03225328297583
AACCCGAGCAGAATCG-1,4,225.16480531230908,381.61933517366543
AACGACCTCCTAGCCG-1,4,133.87936758063847,105.99933695542003
AACGCTGTTGCTGAAA-1,4,449.110748288491,424.73316193677834
AACTCCAGAGCGTGTT-1,4,462.713442571848,302.5100900179692
AAGACATACGTGGTTT-1,4,196.30331932380898,161.86077639543447
AAGAGGCCCTTTGGAA-1,4,268.2126993974299,337.9098392332407
AAGCCGGAGAGCAGGA-1,4,80.40731780613868,312.20641706435504
AAGTTGTGATGTTATA-1,4,291.6725647073973,194.64613706287142
AATCATGTAAAGACTC-1,4,402.90104475988676,428.38011674460586
AATCGGTATAGCCCTC-1,4,249.42035555264383,97.09392105295524
AATGTTGTCGTGAGAC-1,4,265.6178746167155,156.39034418369326
AATTGCAGCAATCGAC-1,4,341.06080682997964,231.27369450474487
AATTGTGGTTGCCAAA-1,4,143.38152506158343,226.3989314703157
ACAAAGCATGACCTAG-1,4,400.3062199791721,246.8606216950584
ACACGTAGGCCACAAG-1,4,258.1435572537161,358.96719863529546
ACACTGGGACAGTCGT-1,4,198.89814410452362,343.3802714449819
ACAGCGACATTCTCAT-1,4,383.524987101837,328.80918136416665
ACCAACCGCACTCCAC-1,4,397.127681385194,206.5861094453575
ACCAAGTCATCGGCAG-1,4,285.56091693753405,114.50432564718227
ACCCATTTGTCCCTCT-1,4,370.2940355146395,309.80399963362413
ACCCGGAGCACCACAA-1,4,106.67397901392414,350.44548079303854
ACCCGTAGTCTAGTTG-1,4,150.288857761814,165.27903093566368
ACCCTCCCGTCAGGGC-1,4,367.9111818510288,128.26777543358207
ACCGATAGGCATAACC-1,4,162.75758271963315,325.9698668507546
ACCGATATTTAATCAT-1,4,149.1548884362761,448.1929387695638
ACCTCCGCCCTCGCTG-1,4,297.44592808209,416.4401443621197
ACGACCCATGAGTTGC-1,4,83.56912724962214,352.2689581969523
ACGCATACGTTTACTA-1,4,353.5128026373044,391.75255930273215
ACGCTACTGAATGGGC-1,4,117.68184851656679,46.702913824681985
ACGTTCTGTACAAGTC-1,4,420.24926229999085,204.97460315854738
ACTAGTTGCGATCGTC-1,4,339.9101083539471,513.9756312215416
ACTATCTGCCCGCGTA-1,4,231.50515334977058,461.9563885559636
ACTCGCCGTTCGATAA-1,4,232.42715155820486,179.05920987255809
ACTGAAACGCCGTTAG-1,4,455.80610987161765,363.62999055262094
ACTTGTGGATGGAACG-1,4,290.7505664989633,477.54331574627713
ACTTTGTCGACGCACT-1,4,145.99307899279268,408.1303976369665
AGAAATTATGACTCGC-1,4,208.40030158546858,463.77986595987727
AGACCGCTCCGCGGTT-1,4,257.55984344045265,500.2121814351417
AGACGCCCACTTCGCC-1,4,139.65273095533115,327.79334425466834
AGAGCCGCCGAGATTT-1,4,235.0387054894141,360.7906760392092
AGAGGCTTCGGAAACC-1,4,372.8888602953541,491.3234946831713
AGATACCAATAGAACC-1,4,248.85337088987475,238.55087496990518
AGCATTACGAGGCAAG-1,4,301.75843600160573,173.80074877792055
AGCCCGCACTACAATG-1,4,223.13696519436354,58.64288620716806
AGCCCTTGGACATCCC-1,4,178.95510178370506,385.2662899814929
AGCGATGCGCCTAATA-1,4,271.74625153707336,236.74412671648605
AGCTCCATATATGTTC-1,4,271.37450884091334,377.972380365838
AGCTTCTTCTCGAGCA-1,4,357.8253105568201,149.11316371853295
AGGAACGAACGACTTC-1,4,133.52435403497327,247.43956172187558
AGGACATCGGCACACT-1,4,104.07915423320975,168.92598574349114
AGGAGGCCTTCGCGCG-1,4,406.0628542033702,468.4426578772031
AGGCACGTGACTGTCC-1,4,202.05995354800706,383.44281257757916
AGGCGATAACTGGCGT-1,4,119.70968863451236,369.67936279117936
AGGGCCCTAATGTTCT-1,4,110.41950227067127,249.2630391257893
AGGGTCTGGACGCAGT-1,4,137.05790617461656,146.27384920512117
AGGTCGCCTCCCAACA-1,4,126.61702133474293,308.5594622565276
AGGTGCACGTCCACAT-1,4,308.66576870183627,112.68084824326854
AGGTGTTGCCGACCAC-1,4,97.17182153297918,230.04588627814314
AGTAACTATAGCAGCC-1,4,272.3132361998422,95.28717279953611
AGTCACTAGCTCTCGA-1,4,389.8653351392985,409.14623474646476
AGTCGTCGACCACCAA-1,4,478.91096163591965,361.80651314870727
AGTGAGTCGAATTAAC-1,4,255.54873247300148,177.447703585748
AGTGCACGCTTAAGAA-1,4,429.1677059676722,466.61918047328936
AGTGCTAAACACAGCA-1,4,472.5706135984582,281.4694597664091
AGTTGGCAAGGCTAGA-1,4,288.7227263810175,154.56686677977953
ATAAACGTTGCACCAC-1,4,294.2673894881119,376.16563211241885
ATACTACCCGTACCAC-1,4,314.2104318089305,334.27961357590783
ATAGCAACTAGGGAAG-1,4,390.22034868496365,267.70600998000924
ATAGCCATAACAGTCA-1,4,190.17494240345135,81.50699386264168
ATATAACACGGGCGCA-1,4,430.10643332660106,183.93397290698726
ATATACGCTCGTGACG-1,4,274.9080609805568,276.8066678490833
ATATCGTTCCTCGAAC-1,4,465.87525201533145,342.57263115056645
ATATTGGAGAGGCCTT-1,4,129.7788307782264,348.6220033891248
ATCATAGCCCTATGTA-1,4,298.0129127448588,274.98319044516956
ATCCGGACCAGCCTGA-1,4,71.11713144229736,191.79009339896498
ATCGCCGTGGTTCATG-1,4,74.633954431446,90.4124097651067
ATCGTTAGCTAGCGGA-1,4,396.5606967224252,348.04306336230763
ATCTCCCACGGAATAT-1,4,278.06987042404023,316.8692089816806
ATCTTATCGCACACCC-1,4,317.9559550656776,233.09717190865857
ATGCTTAGGAGTTGAT-1,4,238.2005149328975,400.8532171718062
ATGTACATGCGGTGAG-1,4,225.73178997507813,240.16238125671526
ATTACATGTCAGTCTT-1,4,293.7004048253429,517.622586029369
ATTATTCAGAGTCACT-1,4,393.9658719417106,166.52356831276023
ATTCAACCATTTAAGG-1,4,373.45584495812295,349.8665407662214
ATTCGCGCCTTGAGAG-1,4,281.81539368078717,215.68676731443153
ATTGCGATCAGTAACT-1,4,395.9937120596561,489.5000172792576
ATTGGATTACAGCGTA-1,4,356.6913412312825,432.0270715524333
CAACCAGTGGCCTACC-1,4,195.71960551054556,303.105759195281
CAACCTACCGAGCAGT-1,4,334.15347412974927,292.39359503939687
CAACGTGGTGGAGTCT-1,4,228.34334390628715,421.8938474233663
CAAGGCCAGTGGTGCA-1,4,361.0038491507982,189.38767596823385
CACAAACCGCAGAACT-1,4,180.10580025973735,102.56435326469645
CACACACGCTAACGAG-1,4,343.6556316106943,412.79318955429227
CACAGGGCCATATAGT-1,4,409.5964063430134,367.27694536044845
CACAGTCCCGCTTCGC-1,4,232.07213801253965,320.49943463901343
CACAGTTCGCTTCCCA-1,4,218.25747261207874,442.7392357083172
CACCCGCGTTTGACAC-1,4,153.82240990145726,64.11331841890927
CACCGATGATGGGTAC-1,4,156.9842193449407,104.1758595515063
CACCGTATCCCATCCG-1,4,336.7482989104637,473.9130900889443
CACGTCAATCAATGGA-1,4,182.70062504045194,284.08384831424365
CACGTTTCGTACACAC-1,4,482.08950022989774,402.08102539840814
CACTACGGGAGCTGCC-1,4,291.3175511617321,336.08636182932696
CACTCTTCTGCTAGCC-1,4,360.42013533753476,330.6326587680804
CAGAATAACACACGGA-1,4,251.4481956705894,420.0703700194526
CAGAGCGATGGATGCT-1,4,77.81249302542406,130.6869220148076
CAGATAATGGGCGGGT-1,4,337.89899738649615,191.21115337214758
CAGCCTCGATAGCGGT-1,4,100.35036012695724,270.3203985278441
CATAGTCAAATACATA-1,4,443.3541140642929,203.15112575463365
CATAGTGGGCACGCCT-1,4,64.77678340483584,111.45304001666662
CATCCCGAGATTCATA-1,4,183.26760970322078,142.6268943972937
CATCCTCTCAAAGATC-1,4,472.00362893568933,422.9264136833592
CATGATCGCTTTGAGA-1,4,176.36027700299041,203.74679493194546
CATGGATTGTCTTCCG-1,4,366.7604833749963,410.96971215037854
CATGGTTTATTAATCA-1,4,321.6847491719299,131.7027591243059
CATTCGTCGTAGCGGT-1,4,113.58131171415474,289.32558025838654
CCAAATAACAAGATTC-1,4,234.4549916761504,502.0356588390555
CCAAGGTTGCCCTTTC-1,4,252.37019387902342,137.17319133604713
CCACCTGTATGGAATA-1,4,103.51216957044068,310.3829396604413
CCACTGTTTGGATTAA-1,4,304.3532607823204,355.32024382746795
CCAGAAACTGATGCGA-1,4,160.1627579389188,144.45037180120744
CCAGGCTGGCGTCTGA-1,4,122.87149807799582,409.7419039237766
CCATATGGAAACTATA-1,4,346.8174410541777,452.8557306868895
CCATGCCCTAGATTTC-1,4,399.73923531640327,388.31757561200857
CCCAAGTCATTACACT-1,4,404.03501408542434,145.4662089107055
CCCAGGTCTGAAGGCT-1,4,254.3980339969692,460.14964030254447
CCCATATAGGTCGATT-1,4,166.5031059763803,224.78742518350558
CCCATTATTGTATCCT-1,4,120.86038711054488,86.97742607438289
CCCGTTTCGCAGATGT-1,4,313.6434471461617,475.73656749285806
CCCTCCTCGCTCGTAT-1,4,316.8052565896451,515.7991086254553
CCCTTTAATGGAGTTC-1,4,261.8723513599684,257.5727858509425
CCGACAATAGGCCGCC-1,4,248.26965707661134,379.7958577697517
CCGCACTTGCAATGAC-1,4,275.47504564332564,135.34971393213337
CCGCTCTTCCGAACTA-1,4,377.20136821487006,248.68409909897213
CCGTAGGAAATCCCTG-1,4,416.50373904324374,306.1570448257967
CCGTAGGGTTGTTTAC-1,4,324.29630310313917,313.434225290957
CCTAAATTGTATCCTA-1,4,221.43601120605683,483.01374795801837
CCTACTCAACACGATT-1,4,146.56006365556152,266.67344372001656
CCTATGTCCACTCCAC-1,4,459.5516331283646,262.44754888537193
CCTCACGTCAGCTAAT-1,4,116.54787919102893,329.6168216585821
CCTCCTGTTGTGTCGT-1,4,413.3419295997603,266.0945036931994
CCTGTTTGAAGACACG-1,4,442.77040025102946,344.3961085544802
CCTTGACCACTTTATT-1,4,274.3410763177878,418.26362176603345
CGAGAGGGTAGCCGCG-1,4,330.61992199010604,393.5593075561513
CGCAGGCGATCCAAAC-1,4,359.8531506747659,472.08961268503054
CGCCGTTCAGCATAGT-1,4,327.4581125466226,353.4967664235542
CGCGAAGTGGCATACT-1,4,410.1633910057823,225.81999144349828
CGCGGTACGGTATACA-1,4,159.5957732761497,285.9073257181574
CGCTTCGGTCTAAGAC-1,4,314.77741647169955,192.82265965895766
CGCTTGGACGGATAGA-1,4,169.66491541986375,264.84996631610284
CGGCAATAAGATCGCC-1,4,287.57202790498525,437.26880349657597
CGGCGCCATCAATCCC-1,4,452.6443004281342,323.5674494200237
CGGGTTTGTTAGGGCT-1,4,215.09566316859528,402.6766945757199
CGGTCAGTCCATATTT-1,4,73.71195622301198,373.3095884485122
CGTATCTAGAACTAAG-1,4,130.36254459148984,207.37702058927832
CGTCCTCATCGCGTGC-1,4,226.31550378834157,98.91739845686897
CGTGTATGGGAGCTGA-1,4,235.60569015218292,219.33372212225902
CGTTAAATACGACCAG-1,4,140.78670028086904,44.87943642076823
CGTTTCGGTTATATGC-1,4,163.89155204517104,43.0559590168545
CGTTTGGTGTTGTGGG-1,4,136.47419236135306,287.51883200496746
CTAACTGATAATCGCC-1,4,350.5629643109246,351.6732890196405
CTACACTCGCAGATGG-1,4,363.59867393151285,370.90717101778125
CTAGCCACAGGCGAGC-1,4,175.79329234022163,345.20374884889566
CTATCGACGAAATACA-1,4,462.1464579090792,443.9670439349191
CTATCGCGTAGAGAAC-1,4,165.91939216311658,366.0324079833519
CTATGGGAAGCGGAAT-1,4,333.58648946698025,433.85054895634704
CTCCTGTTCAAGGCAG-1,4,182.1169112271885,425.3288311140901
CTGAGAGTAGAAATAC-1,4,87.31465050636902,251.08651652970303
CTGCAAGCACGTTCCG-1,4,241.9460381896444,299.6707755045572
CTGCAGAGAATCAGAG-1,4,357.25832589405127,290.57011763548314
CTGCCTTTCTAGTAAA-1,4,446.5159235077764,243.21366688723094
CTGGTAAAGTGTGGGC-1,4,208.9672862482374,322.32291204292716
CTTAACTTACAGTATA-1,4,216.22963249413317,119.76278674181984
CTTACTGACTCCTCTG-1,4,57.8694507046055,172.5729405513186
CTTATAGATGGCTGTT-1,4,149.72187309904496,306.73598485261385
CTTCGGCCAATTGTTT-1,4,270.8075241781445,519.4293342827881
CTTGCCCACCCACGCA-1,4,354.6635011133367,109.05062258593568
CTTTGCATCGCTCTTG-1,4,439.608590807546,304.3335674218829
GACAAGACGCCCGTGC-1,4,91.06017376311615,149.904074862454
GACAAGAGATGAGATT-1,4,192.2027825213969,404.48344282913905
GACACTGGAACCCGAT-1,4,267.64571473466106,479.36679315019086
GACCAAACGTTGACTG-1,4,281.2484090180183,357.14372123138173
GACGAGGCTAATAAAC-1,4,376.6176544016064,389.9290818988184
GAGAAACTGGATCCCA-1,4,84.15284106288559,211.0239753971058
GAGAACGGTTCTGACT-1,4,324.86328776590796,171.97727137400682
GAGAGGCCTATGTGTA-1,4,153.46739635579206,205.55354318536456
GAGCGCAAATACTCCG-1,4,303.78627611955153,496.7771977444179
GAGGCCTGTTGATACA-1,4,284.9772031242706,255.7493084470288
GAGTAAATTAAGAACC-1,4,80.9743024689075,170.74946314740487
GAGTATCAAAGTTACA-1,4,132.95736937220445,388.89651563882575
GATTAACCGAAAGCCC-1,4,458.9679193151011,403.6925316852182
GCACACACTGGTAGCC-1,4,445.94893884500755,384.6706208041811
GCACCTTCCCGAAGGT-1,4,117.11486385379797,188.15986774163213
GCACGTGGTTTACTTA-1,4,294.85110330137536,234.92064931257232
GCAGTTCGATCCGAGC-1,4,169.09793075709467,406.3069202330528
GCATGACACAAAGGAA-1,4,51.74107378424762,92.21915801852583
GCATGCTAATAACGAT-1,4,417.0707237060128,164.70009090884648
GCCACTCAGAGCGCGA-1,4,429.539448663832,325.39092682393743
GCCACTCCTTACGGTA-1,4,159.01205946288627,427.1523085180039
GCCTATCAGGTAAGAT-1,4,70.55014677952855,333.2470473159149
GCCTCCGACAATTCAC-1,4,393.39888727894174,307.9805222297104
GCGAAACGATCGGGAG-1,4,379.7961929955845,430.2035941485195
GCGCTTAAATAATTGG-1,4,502.01581340022193,359.9830357447935
GCTACAATCGAGGATA-1,4,321.1177645091611,273.1597130412558
GCTAGAGTAGAGATGT-1,4,422.8440870807053,386.49409820809484
GCTCCATGAGTGCAGA-1,4,86.7476658436002,392.5434704466532
GCTTGAGTGACCTCTG-1,4,200.03211343006151,60.46636361108179
GCTTTACACAACTGGG-1,4,170.23190008263256,123.39301239915267
GGAAACTAAATGGGCC-1,4,347.40115486744116,311.61074788704326
GGAACTTTGGCGATTA-1,4,254.965018659738,318.6926863855943
GGACAACCATGAAGCC-1,4,331.5586493490347,110.87409998984941
GGACGGGCGACCAACC-1,4,163.32456738240222,184.51291293380467
GGACTCGAAGCTTTCA-1,4,93.65499854383054,331.4235699120012
GGACTCTTCCGGTTGA-1,4,109.8525176079022,390.7199930427395
GGAGCAACATTTCAAG-1,4,340.4938221672108,372.73064842169504
GGAGGGTCAAGTAAGA-1,4,205.80547680475397,282.2603709103299
GGAGTTGATTCTGTGT-1,4,219.40817108811123,160.03729899152074
GGATGGCTTGAAGTAT-1,4,380.93016232112234,147.28968631461922
GGCACGCTGCTACAGT-1,4,213.06782305064974,79.70024560922258
GGCACTCAGCCGACCC-1,4,113.01432705138566,430.78253417533676
GGCACTGCGGTGGTTT-1,4,239.33448425843517,117.93930933790611
GGCAGCAAACCTATGC-1,4,349.99597964815575,493.13024293659043
GGCCGCAGGAACCGCA-1,4,173.19846755950698,163.6842537993482
GGCCTGCTTCTCCCGA-1,4,222.00299586882562,341.5567940410682
GGGAAAGAATGCCAAC-1,4,262.45606517323205,116.327803051096
GGGTCTATCGCTTTCC-1,4,215.66264783136413,261.21974065877004
GGTAAACTCTGCGCTG-1,4,199.46512876729244,201.92331752803173
GGTACGTTGCGGCCGG-1,4,222.5699805315947,200.09984012411797
GGTCAAGACTACTTCG-1,4,323.71258928987544,454.6792080908033
GGTCTCCGTCCAGGTT-1,4,354.09651645056783,250.50757650288585
GGTGACTGATAGAGAG-1,4,64.20979874206702,252.90999393361676
GGTTTGTGACCTGAGG-1,4,311.04862236544705,294.2170724433106
GTAACATCTAAGATAA-1,4,261.30536669719953,399.02973976789247
GTAGTGAGCAACCTCA-1,4,206.372461467523,140.80341699337995
GTATCAAACGTTAGCT-1,4,412.75821578649686,407.3394864930457
GTATCCTTTGGTAACC-1,4,456.3730945343865,222.1730366356708
GTCAACCAGGCCTATA-1,4,328.02509720939145,212.03981250660405
GTCATGCGCGAGGGCT-1,4,387.2705103585839,227.62673969691738
GTCCACGTCGCATTCG-1,4,156.41723468217162,245.63281346845648
GTCGATAGGTGACTTT-1,4,139.08574629256233,469.2502981716185
GTCGGGTGAAGTACCG-1,4,167.0700906391491,83.3304712665554
GTCTATTGCATGCTCG-1,4,304.92024544508917,213.8632899105178
GTCTCCCGAGTCCCGT-1,4,236.17267481495173,77.87676820530885
GTGAGTCGACTAATAG-1,4,203.21065202403958,100.7408758607827
GTTAATAGCGTCATTA-1,4,107.82467748995666,67.74354407624213
GTTACCAAGGCGTACG-1,4,124.02219655402831,127.03996720698015
GTTATAATACGGTGAA-1,4,300.60773752557344,456.50268549471696
GTTATCAAGCTATCGA-1,4,318.52293972844643,91.64021799170865
GTTCCCGTAAACATAT-1,4,152.90041169302302,347.01049710231473
GTTCGCTGAGACGTCT-1,4,277.5028857612712,458.32616289863074
GTTCGGAGCACTCAAC-1,4,202.6269382107759,241.985858660629
GTTGCAGTCGACAACA-1,4,67.37160818555049,292.97253506621405
GTTGCGGACGGTCAGG-1,4,162.19059805686433,467.4268207677048
GTTGTTGCAAGATGGC-1,4,123.4552118912595,268.4969211239303
GTTTCAAACGAGTTGT-1,4,265.0508899539464,297.84729810064346
GTTTGGGTTTCGCCCG-1,4,469.40880415497475,241.4069186338118
TAACCTAGGGAGTCCA-1,4,301.1747221883423,315.04573157776684
TAAGGGCCTGTCCGAT-1,4,432.7012581073154,365.4534679565347
TAAGTCGGTGAGCTAG-1,4,67.93859284831927,151.51558114926388
TAAGTTGCGACGTAGG-1,4,439.0416061447769,445.79052133883283
TAATTACGTCAGTAGA-1,4,344.2226162734631,271.3362356373421
TAATTCCAATGCTTCA-1,4,120.27667329728143,228.22240887422942
TACATGCCGGAATTGT-1,4,126.05003667197388,450.0164161734775
TACCTCTTTACCATCC-1,4,107.25769282718784,209.20049799319204
TACGCTCGGTATTGGA-1,4,218.82445727484756,301.28228179136727
TACGGCATGGACGCTA-1,4,192.76976718416574,263.0264889121891
TACGTAAAGCGGAGTG-1,4,330.99166468626584,252.33105390679958
TACTCATTGACGCATC-1,4,97.75553534624288,88.80090347829662
TACTCTTACTTTACTG-1,4,245.10784763312788,339.7333166371544
TACTTAAACATGTACA-1,4,268.7796840601989,196.45288531629052
TAGAAGAAGGGTTACA-1,4,74.27894088578083,231.85263453156227
TAGAATAGCCGATGAA-1,4,367.3274680377651,269.51275823342837
TAGAGGTTCTACTTGT-1,4,426.00589652418876,426.5566393406921
TAGATGGTTCCTTACT-1,4,406.64656801663364,327.19767507735656
TAGATTCTCTAGCAAA-1,4,130.92952925425865,65.9200666723284
TAGCAGTATGACTAAA-1,4,384.1087009151004,187.56419856432012
TAGCTCACTGTGTTTG-1,4,110.98648693344009,107.80608520883914
TAGGAGGCTCGAGAAC-1,4,176.9272616657593,62.289841014995545
TAGGCCTATATAGTCT-1,4,245.6748322958967,198.27636272020425
TAGGCTAAAGTGGCAC-1,4,374.022829620892,208.4095868492712
TAGTGACAAGCTCTAC-1,4,84.71982572565463,69.56702148015583
TATGAAGAATTAAGGT-1,4,370.8610201774086,168.34704571667396
TATGATCTTCTCTTTA-1,4,488.78486181302446,340.97785401425097
TATTGCCGGGCTTGTA-1,4,209.53427091100647,180.86595812597722
TATTTGATTTGCACAG-1,4,172.2597402005781,446.36946136565007
TCAACTGCAGAGTCAG-1,4,284.41021846150176,397.20626236397874
TCAAGCGCGGACGGTA-1,4,212.12909569172086,362.3854531755244
TCAATATACAGGAGGC-1,4,147.12704831833054,125.2164898030664
TCAATCCCGCGCCAAA-1,4,114.16502552741818,148.0805974585403
TCACAAACCGAGGTAC-1,4,426.5728811869578,285.0996854237419
TCAGCCAATCCGTAAA-1,4,308.0820548885726,253.92583104311507
TCATAAGTCCAAGAAG-1,4,90.47645994985248,291.1490576623003
TCATTTAGAAGTGTGA-1,4,264.46717614068297,439.09228090048975
TCCACCAAGACATAGG-1,4,259.27752657925396,76.0532908013951
TCCAGCGCTATAAGCG-1,4,198.31443029126018,484.62525424482817
TCCCAGCACACGACAT-1,4,99.7666463136938,411.5653813276904
TCCCTCTTCTCAAGGG-1,4,189.6079577406823,222.96394777959185
TCCCTTGTCTGAAACT-1,4,186.42941914670425,182.68943552989094
TCCGCGGCCCAATGAA-1,4,392.83190261617267,449.43747614666034
TCCGGGCTTGACGGGA-1,4,407.2135526794024,185.7407211604064
TCCGTTAAGCTAATAT-1,4,382.9580024390679,470.2661352811168
TCCTTTAAATCCGCTT-1,4,468.8418194922059,382.863872550762
TCGAGGGCAACAGACG-1,4,155.85025001940284,387.0897673854066
TCGCATAAAGGGCGCA-1,4,238.76749959566635,259.39626325485625
TCGCGTAGCAGTGTCC-1,4,386.7035256958151,369.0836936138675
TCGGCAGGGTTAAGGG-1,4,100.91734478972631,128.86344461089388
TCGGCTTGTATCGACG-1,4,419.66554848672723,346.2195859583939
TCGTAACTCCCAAGAC-1,4,140.2197156181,186.33639033771843
TCGTGTATTGGTCACG-1,4,185.29544982116659,465.60334336379105
TCGTGTTCGACCACAA-1,4,317.38897040290857,374.55412582560876
TCTACCCAATAGAGAG-1,4,307.5150702258038,395.382784960065
TCTATAGGTGGGTAAT-1,4,258.71054191648494,217.5102447183453
TCTATGCTATAACGAC-1,4,433.2682427700845,223.99651403958453
TCTCAGGCTACTCGCT-1,4,143.9652388748471,85.15394867046913
TCTCCACAAGTTGAAT-1,4,449.4657618341562,283.29293717032283
TCTCGAGGAGGTTCGC-1,4,244.54086297035906,481.1902705541046
TCTCTCGCCGCACATA-1,4,205.22176299149052,423.50535371017645
TCTGAGCAATTGACTG-1,4,241.36232437638097,440.9157583044034
TCTGCATACCTTGCTT-1,4,380.36317765835355,288.74664023156936
TCTTCGCGGTGAGAGG-1,4,185.86243448393537,324.1463894468409
TCTTTCCTTCGAGATA-1,4,142.8145403988146,367.85588538726563
TGACTCTAACTGGTAA-1,4,94.22198320659959,189.96661599505126
TGAGCTCAACTGTATA-1,4,96.60483687021033,371.5028401950931
TGATGTCAATTAAGTG-1,4,337.3152835732327,332.4561361719941
TGCAACCCATCTGCGG-1,4,485.8182943361503,300.68661261405543
TGCAATCTAACACGGT-1,4,482.65648489266687,260.6240714814582
TGCCTAATTGAAGATT-1,4,320.550779846392,414.616666958206
TGCGTACGGCTAATTG-1,4,347.96813953021,170.1537939700931
TGGCAATGGGACGGCG-1,4,310.69360881978184,435.65729720976617
TGGCTACACTCTACCT-1,4,364.16565859428164,229.45021710083114
TGGGCAGGCCACCGCA-1,4,195.15262084777672,444.56271311223094
TGGGTGTAATAGATTT-1,4,334.7204587925181,150.93664112244667
TGTACCTACACGAGGG-1,4,475.7491521924362,321.74397201611
TGTACTTCCGGGCATG-1,4,193.12478072983095,121.58626414573357
TGTAGCCATCCCATTC-1,4,228.9103285690562,280.43689350641614
TGTCCACGGCTCAACT-1,4,350.9179778565898,210.23306425318495
TGTGACTAGAGTTTGC-1,4,242.51302285241326,158.21382158760701
TGTGCCGGTGCCGGAA-1,4,415.9367543804749,447.6139987427466
TGTGTAGTAGCACGTG-1,4,189.02424392741884,364.2089305794382
TGTTAACAAAGTGACT-1,4,87.88163516913806,109.62956261275286
TTAAAGTAAGTCGCCA-1,4,298.57989740762764,133.52623652821967
TTACACGATCTGCGAC-1,4,252.01518033335822,278.6134161025024
TTACGTATCTATGACA-1,4,179.52208644647388,243.80933606454272
TTAGTAAACCTGCTCT-1,4,436.4467813640626,264.27102628928566
TTATTATCTGGAAGGC-1,4,135.90720769858427,428.97578592191763
TTATTTAGGTTCCTTA-1,4,61.03126014808896,212.63548168391588
TTCAGCTGGCGTGCCC-1,4,435.86306755079886,405.51600908913196
TTCCATCGACAGCGTG-1,4,288.1557417182487,296.02382069672973
TTCGGGTTGCCACGGG-1,4,172.82672486334718,304.9125074487001
TTGAAACCCTCATTCC-1,4,127.18400599751175,167.1025083395774
TTGCCTTCTCGCCGGG-1,4,311.6156070282161,152.7601185263604
TTGCGCTTGATCAATA-1,4,344.8063300867265,130.09125283749583
TTGCTCATAGTACGTG-1,4,278.65358423730373,175.62422618183427
TTGGACCATCTGGCAA-1,4,326.8911278838535,494.95372034050416
TTGGCTCAATATGTGT-1,4,212.50083838788066,221.15719952617275
TTGGGACGTAAGAGTT-1,4,280.66469520475465,498.38870403122803
TTGTGAACCTAATCCG-1,4,491.9466712565079,381.04039514684825
TTGTGATCTGTTCAGT-1,4,229.47731323182504,138.97993958946623
TTGTGGTGGTACTAAG-1,4,423.41107174347434,245.03714429114464
